name,url,category
AI21 Labs,https://www.ai21.com/,AI/ML
Anthropic,https://www.anthropic.com/,AI/ML
Cohere,https://cohere.ai/,AI/ML
Databricks,https://databricks.com/,AI/ML
Google DeepMind / Google AI,https://deepmind.com/,AI/ML
Hugging Face,https://huggingface.co/,AI/ML
Meta AI,https://ai.meta.com/,AI/ML
Mistral AI,https://mistral.ai/,AI/ML
MLflow,https://mlflow.org/,AI/ML
OpenAI,https://openai.com/,AI/ML
PyTorch,https://pytorch.org/,AI/ML
scikit-learn,https://scikit-learn.org/,AI/ML
Stability AI,https://stability.ai/,AI/ML
TensorFlow,https://www.tensorflow.org/,AI/ML
Alibaba Cloud,https://www.alibabacloud.com/,Cloud
Amazon Web Services (AWS),https://aws.amazon.com/,Cloud
DigitalOcean,https://www.digitalocean.com/,Cloud
Google Cloud Platform,https://cloud.google.com/,Cloud
Hetzner,https://www.hetzner.com/,Cloud
IBM Cloud,https://www.ibm.com/cloud,Cloud
Linode,https://www.linode.com/,Cloud
Microsoft Azure,https://azure.microsoft.com/,Cloud
Oracle Cloud,https://www.oracle.com/cloud/,Cloud
Snowflake,https://www.snowflake.com/,Data
Angular,https://angular.io/,Framework
Django,https://www.djangoproject.com/,Framework
Flask,https://flask.palletsprojects.com/,Framework
Laravel,https://laravel.com/,Framework
Next.js,https://nextjs.org/,Framework
Nuxt,https://nuxt.com/,Framework
React,https://reactjs.org/,Framework
Ruby on Rails,https://rubyonrails.org/,Framework
Spring,https://spring.io/,Framework
Svelte,https://svelte.dev/,Framework
Vue.js,https://vuejs.org/,Framework
.QL,http://semmle.com/,Programming Language
A+ (A plus),http://www.aplusdev.org/,Programming Language
A.NET (A#/A sharp),http://www.asharp.martincarlisle.com,Programming Language
ABAP,https://community.sap.com/topics/abap,Programming Language
ABC,https://homepages.cwi.nl/~steven/abc/,Programming Language
ACC,https://www.openacc.org/get-started,Programming Language
Accent (Rational Synergy),https://www.ibm.com/products/rational-synergy,Programming Language
Action!,https://sourceforge.net/projects/atari-action/,Programming Language
ActionScript,http://www.adobe.com/devnet/actionscript,Programming Language
Ada,https://www.adaic.org/,Programming Language
Adenine (Haystack),http://haystack.csail.mit.edu/#projects,Programming Language
AdvPL,http://tdn.totvs.com/pages/viewpage.action?pageId=27675886,Programming Language
Agda,https://wiki.portal.chalmers.se/agda,Programming Language
Agilent VEE,https://www.keysight.com/us/en/product/W4000D/vee-pro-9-33.html,Programming Language
Agora,http://soft.vub.ac.be/research/agora,Programming Language
AIMMS,https://www.aimms.com/,Programming Language
Aldor,https://aldor.org,Programming Language
Alef,http://doc.cat-v.org/plan_9/2nd_edition/papers/alef/ref,Programming Language
Algebraic Logic Functional programming language,http://www.informatik.uni-kiel.de/~mh/systems/ALF,Programming Language
ALGOL,http://www.masswerk.at/algol60/report.htm,Programming Language
ALGOL 58,http://www.softwarepreservation.org/projects/ALGOL/algol58impl.html,Programming Language
ALGOL 60,https://www.masswerk.at/algol60/report.htm,Programming Language
ALGOL 68,http://algol68-lang.org,Programming Language
Alice ML,http://www.ps.uni-saarland.de/alice,Programming Language
Alma-0,http://www.cwi.nl/en/alma,Programming Language
AmbientTalk,https://soft.vub.ac.be/amop,Programming Language
Amiga E,https://aminet.net/package/dev/e/amigae33a,Programming Language
AMPL,http://www.ampl.com,Programming Language
AngelScript,https://angelcode.com/angelscript/,Programming Language
Apache Pig latin,https://pig.apache.org,Programming Language
"Apex (Salesforce.com, Inc)",https://www.salesforce.com/,Programming Language
APL,https://aplwiki.com/,Programming Language
App Inventor for Android's visual block language (MIT App Inventor),http://appinventor.mit.edu,Programming Language
AppleScript,https://developer.apple.com/library/archive/documentation/AppleScript/Conceptual/AppleScriptLangGuide,Programming Language
APT,http://dl.acm.org/citation.cfm?id=808374&dl=ACM&coll=DL&CFID=203593322&CFTOKEN=45146083,Programming Language
Arc,http://arclanguage.org,Programming Language
ArkTS,http://developer.huawei.com/consumer/cn/arkts,Programming Language
Assembly language,https://www.ibm.com/support/knowledgecenter/SSLTBW_2.1.0/com.ibm.zos.v2r1.asma400/asmr102112.htm,Programming Language
AssemblyScript,http://www.assemblyscript.org,Programming Language
ATS,http://www.ats-lang.org,Programming Language
AutoHotkey,https://www.autohotkey.com/,Programming Language
AutoIt,https://www.autoitscript.com,Programming Language
AutoLISP,http://www.faqs.org/faqs/CAD/autolisp-faq/,Programming Language
Averest,http://www.averest.org/,Programming Language
AWK,http://pubs.opengroup.org/onlinepubs/9699919799/utilities/awk.html,Programming Language
Axum,http://msdn.microsoft.com/en-us/devlabs/dd795202.aspx,Programming Language
Ballerina,http://ballerina.io,Programming Language
Bash,http://www.gnu.org/software/bash/,Programming Language
Batch file (Windows/MS-DOS),https://docs.microsoft.com/en-us/previous-versions/windows/it-pro/windows-xp/bb490869(v%3dtechnet.10),Programming Language
bc (basic calculator),https://doi.acm.org/10.1145/152923.152925,Programming Language
BCPL,http://www.cl.cam.ac.uk/users/mr/BCPL.html,Programming Language
BeanShell,https://github.com/beanshell/beanshell,Programming Language
BETA,http://beta.cs.au.dk,Programming Language
BlackBox Component Builder,http://blackboxframework.org,Programming Language
BLISS,http://pdp-10.trailing-edge.com/bb-m836d-bm/,Programming Language
Blockly,http://developers.google.com/blockly,Programming Language
BlooP,http://cgibin.erols.com/ziring/cgi-bin/cep/cep.pl?_key=BLooP,Programming Language
Boo,https://github.com/boo-lang,Programming Language
Boomerang,http://www.seas.upenn.edu/~harmony/,Programming Language
Bosque,https://www.microsoft.com/en-us/research/project/bosque-programming-language/,Programming Language
C Shell (csh),http://cvsweb.netbsd.org/bsdweb.cgi/src/bin/csh/,Programming Language
C/AL,http://www.microsoft.com/en-us/dynamics/erp-nav-overview.aspx,Programming Language
Caml,http://caml.inria.fr,Programming Language
Carbon,https://github.com/carbon-language,Programming Language
Categorical,https://docs.raku.org/language/operators#Operators,Programming Language
Categories,https://www.mediawiki.org/wiki/Extension:TimedMediaHandler,Programming Language
Catrobat,https://catrobat.org,Programming Language
Cayenne (Lennart Augustsson),http://www.augustsson.net,Programming Language
Cecil,http://www.cs.washington.edu/research/projects/cecil/,Programming Language
CEEMAC,http://www.atarimagazines.com/creative/v9n1/54_A_structured_graphics_lan.php,Programming Language
CESIL (Computer Education in Schools Instruction Language),https://drive.google.com/file/d/1Dlfi4pzwxK3AIMETYjPO6MeUnAcWac44/view,Programming Language
Ceylon,https://ceylon-lang.org,Programming Language
CFEngine,https://cfengine.com/,Programming Language
Cg (High-Level Shader/Shading Language [HLSL]),https://github.com/castano/cgc-opensrc,Programming Language
Ch,http://www.softintegration.com,Programming Language
Chapel (Cascade High Productivity Language),https://chapel-lang.org/,Programming Language
Charm,http://charm.qu-bit.co.uk,Programming Language
CHILL,http://www.itu.int/rec/T-REC-Z.200/en,Programming Language
CHIP-8,https://bitbucket.org/csoren/fpga-chip8,Programming Language
Chronological,http://hopl.info/,Programming Language
ChucK,http://chuck.cs.princeton.edu,Programming Language
Cilk (also Cilk++ and Cilk plus),https://cilk.mit.edu/,Programming Language
Claire,http://www.claire-language.com,Programming Language
Clarion,http://www.softvelocity.com,Programming Language
classic,https://learn.microsoft.com/en-us/previous-versions/visualstudio/visual-basic-6/visual-basic-6.0-documentation,Programming Language
Clean,https://clean.cs.ru.nl,Programming Language
Clipper,http://www.grafxsoft.com/clipper.htm,Programming Language
CLIPS,http://clipsrules.net,Programming Language
Clojure,https://clojure.org,Programming Language
CLU,http://pmg.csail.mit.edu/CLU.html,Programming Language
CMS EXEC,https://archive.today/20140417183004/http://publibfp.boulder.ibm.com/cgi-bin/bookmgr_OS390/BOOKS/HCSD7B00/CCONTENTS#5.1,Programming Language
Cobra,http://cobra-language.com/,Programming Language
CoffeeScript,https://coffeescript.org/,Programming Language
ColdFusion,https://coldfusion.com/,Programming Language
COMAL,http://www.josvisser.nl/opencomal/,Programming Language
Common Intermediate Language,https://www.ecma-international.org/publications-and-standards/standards/ecma-335/,Programming Language
Common Lisp,http://common-lisp.net,Programming Language
Computer Sciences Corporation,http://www.csc.com/,Programming Language
COMTRAN,https://www.ancestry.co.uk/learn/library/article.aspx?article=1159,Programming Language
Constraint Handling Rules,http://constraint-handling-rules.org,Programming Language
CORAL,http://history.dcs.ed.ac.uk/archive/os/deimos/ercm09/emas-2900/coral2.txt,Programming Language
CorVision,https://en.wiktionary.org/wiki/vesting,Programming Language
CPL,https://doi.org/10.1093%2Fcomjnl%2F6.2.134,Programming Language
Cryptol,http://www.cryptol.net,Programming Language
Crystal,https://crystal-lang.org/,Programming Language
Csound,http://csound.com,Programming Language
Cuneiform,http://cuneiform-lang.org/,Programming Language
Curl,https://www.curl.com,Programming Language
Curry,http://www.curry-lang.org,Programming Language
Cybil,https://dl.acm.org/doi/10.1145/988327.988331,Programming Language
Cyclone,http://cyclone.thelanguage.org,Programming Language
Cypher Query Language,https://neo4j.com/docs/cypher-manual/current/,Programming Language
Cython,https://cython.org,Programming Language
Dart,https://dart.dev/,Programming Language
Darwin,https://doi.org/10.1093%2Fbioinformatics%2F16.2.101,Programming Language
DataFlex,http://www.DataAccess.com/DataFlex,Programming Language
Datalog,https://www.iana.org/assignments/media-types/application/vnd.datalog,Programming Language
DATATRIEVE,https://vmssoftware.com/products/datatrieve/,Programming Language
dBase,http://www.dbase.com,Programming Language
Definitions,https://en.wiktionary.org/wiki/programming_language,Programming Language
Delphi,https://www.embarcadero.com/products/delphi,Programming Language
Delphi Community,https://www.embarcadero.com/products/delphi,Programming Language
DinkC,http://www.rtsoft.com/dink,Programming Language
Dog,http://www.kamvar.org/,Programming Language
domain-specific languages,http://catb.org/~esr/writings/taoup/html/minilanguageschapter.html,Programming Language
DRAKON,https://drakon.su/start,Programming Language
DrRacket,https://racket-lang.org/,Programming Language
Dylan,https://opendylan.org/,Programming Language
Easy PL/I,https://www.ibm.com/products/pli-compiler-zos,Programming Language
EASYTRIEVE PLUS,https://www.broadcom.com/products/mainframe/application-development/easytrieve-report-generator,Programming Language
ECMAScript,https://www.ecma-international.org/publications-and-standards/standards/ecma-262/,Programming Language
Edinburgh IMP,http://history.dcs.ed.ac.uk/archive/apps/quine/self.txt,Programming Language
EGL,https://www.eclipse.org/edt/,Programming Language
Eiffel,http://eiffel.org,Programming Language
ELAN,https://www.cs.ru.nl/elan,Programming Language
Elixir,https://elixir-lang.org,Programming Language
Elm,https://elm-lang.org/,Programming Language
Emacs Lisp,https://www.gnu.org/software/emacs/,Programming Language
Emerald,http://www.emeraldprogramminglanguage.org,Programming Language
EPL (Easy Programming Language),http://epl.eyuyan.com/,Programming Language
Erlang,https://www.erlang.org,Programming Language
es,http://doc.cat-v.org/plan_9/4th_edition/papers/rc,Programming Language
Escher,http://mentalmodels4life.net/software/,Programming Language
esoteric programming languages,https://esolangs.org/wiki/Main_Page,Programming Language
ESPOL,http://www.ianjoyner.name/Burroughs.html,Programming Language
Esterel,http://www-sop.inria.fr/meije/esterel/esterel-eng.html,Programming Language
Etoys,http://www.squeakland.org/,Programming Language
Euclid,http://portal.acm.org/citation.cfm?id=954666.971189,Programming Language
Euler,https://github.com/pkimpel/retro-b5500/tree/master/source/EULER,Programming Language
Euphoria,http://openeuphoria.org,Programming Language
EusLisp Robot Programming Language,http://staff.aist.go.jp/t.matsui/eus/,Programming Language
executable,http://whatis.techtarget.com/fileformat/EXE-Executable-file-program,Programming Language
Executable UML,http://executableumlbook.com,Programming Language
Ezhil,http://ezhillang.org,Programming Language
F# (F sharp),https://fsharp.org/,Programming Language
Factor,http://factorcode.org/,Programming Language
Fantom,http://www.fantom.org,Programming Language
FAUST,http://faust.grame.fr,Programming Language
FFP,https://pointfree-interpreter.github.io/,Programming Language
fish,https://fishshell.com,Programming Language
Flix,https://flix.dev/,Programming Language
FLOW-MATIC (B0),http://portal.acm.org/citation.cfm?id=954666.971189,Programming Language
FOCAL (Formulating On-Line Calculations in Algebraic Language/FOrmula CALculator),http://www.pdp8.net/lang/focal/misc.shtml,Programming Language
Forth,https://forth-standard.org,Programming Language
Fortran,https://fortran-lang.org,Programming Language
Fortress,https://github.com/stokito/fortress-lang,Programming Language
FoxBase/FoxPro,http://www.foxprohistory.org/foxprotimeline.htm,Programming Language
Franz Lisp,http://www.cs.berkeley.edu/~fateman/lisp-opus38.92.tar,Programming Language
Futhark,http://futhark-lang.org,Programming Language
G-code,http://carlsonmfg.com/cnc-g-code-m-code-programming,Programming Language
Game Maker Language,https://gamemaker.io,Programming Language
Game Oriented Assembly Lisp,https://franz.com/success/customer_apps/animation_graphics/naughtydog.lhtml,Programming Language
GameMonkey Script,http://www.gmscript.com,Programming Language
GAP,https://www.gap-system.org/,Programming Language
GDScript (Godot),https://godotengine.org/,Programming Language
General Algebraic Modeling System,https://www.gams.com,Programming Language
Generational,https://merd.sourceforge.net/pixel/language-study/diagram.html,Programming Language
Geometric Description Language,http://gdl.graphisoft.com,Programming Language
Gleam,https://gleam.run/,Programming Language
GNU E,https://ftp.cs.wisc.edu/exodus/E/,Programming Language
GNU Guile (GNU Ubiquitous Intelligent Language for Extensions),https://gnu.org/software/guile,Programming Language
GNU Octave,https://octave.org/,Programming Language
Go,https://golang.org/,Programming Language
Go!,https://golang.org/,Programming Language
Golo,http://golo-lang.org,Programming Language
GOM,http://www.catb.org/~esr/mad/,Programming Language
Google Apps Script,https://script.google.com,Programming Language
Gosu,https://gosu-lang.github.io/,Programming Language
GRASS,http://dl.acm.org/citation.cfm?id=808374&dl=ACM&coll=DL&CFID=203593322&CFTOKEN=45146083,Programming Language
Grasshopper,http://grasshopper3d.com,Programming Language
Groovy,https://groovy-lang.org,Programming Language
Groovy (programming language),https://groovy-lang.org,Programming Language
Hack,http://hacklang.org,Programming Language
HAGGIS,http://www.dcs.gla.ac.uk/~quintin/,Programming Language
HAL/S,http://klabs.org/DEI/Processor/shuttle/,Programming Language
Halide (programming language),http://halide-lang.org,Programming Language
Hamilton C shell,https://hamiltonlabs.com/Cshell.htm,Programming Language
Harbour,http://harbour.github.io,Programming Language
Hartmann pipelines,http://vm.marist.edu/~pipeline,Programming Language
Haskell,http://haskell.org,Programming Language
Haxe,https://haxe.org,Programming Language
Hermes,https://doi.org/10.1145%2F142137.142148,Programming Language
High Level Assembly,https://plantation-productions.com/Webster/HighLevelAsm/index.html,Programming Language
History of programming languages,http://www.scriptol.com/programming/history.php,Programming Language
Hollywood,http://www.hollywood-mal.com,Programming Language
HolyC,http://templeos.org/,Programming Language
Hop,http://hop.inria.fr/,Programming Language
Hopscotch,https://www.gethopscotch.com,Programming Language
HTML,https://html.spec.whatwg.org/,Programming Language
Hy,http://hylang.org,Programming Language
IBM Basic assembly language,https://www.ibm.com/docs/en/hla-and-tf/1.6.0?topic=pdf-format-documentation,Programming Language
IBM Informix-4GL,https://help.hcl-software.com/hclinformix/15.0/1infocenter/4gl.html,Programming Language
Icon,http://www.cs.arizona.edu/icon,Programming Language
IDL,https://www.nv5geospatialsoftware.com/Products/IDL,Programming Language
Idris,http://www.idris-lang.org,Programming Language
Inform,https://ganelson.github.io/inform-website/,Programming Language
Io,https://iolanguage.org/,Programming Language
ISLISP,http://islisp.info/specification.html,Programming Language
ISO/IEC 8652,http://www.open-std.org/jtc1/sc22/wg9/,Programming Language
J# (J sharp),http://msdn2.microsoft.com/en-us/vjsharp/default.aspx,Programming Language
J++ (J plus plus),https://msdn.microsoft.com/en-us/library/ms950413.aspx,Programming Language
JADE,https://www.jadeworld.com/,Programming Language
Jai,https://smarimccarthy.is/posts/2024-12-02-four-years-of-jai/,Programming Language
JAL,http://www.casadeyork.com/jalv2/,Programming Language
Janus (concurrent constraint programming language),https://www.researchgate.net/publication/221321646,Programming Language
Janus (time-reversible computing programming language),https://tetsuo.jp/ref/janus.html,Programming Language
JASS,https://warcraft3.blizzard.com/en-us/,Programming Language
Java,https://www.oracle.com/java/,Programming Language
JavaScript,https://developer.mozilla.org/en-US/docs/Web/JavaScript,Programming Language
JEAN,https://archive.today/20130105104243/http://www3.interscience.wiley.com/journal/113444330/abstract?CRETRY=1&SRETRY=0,Programming Language
Join Java,http://join.inria.fr/,Programming Language
Joule,http://www.erights.org/history/joule/,Programming Language
jq,http://jqlang.org,Programming Language
JScript,https://learn.microsoft.com/en-us/previous-versions/hbxc2t98(v=vs.85),Programming Language
JScript .NET,http://msdn.microsoft.com/en-us/library/3bf5fs13.aspx,Programming Language
Julia,https://julialang.org/,Programming Language
Jython,https://www.jython.org/,Programming Language
Karel,https://xkarel.sourceforge.net/,Programming Language
Kent Recursive Calculator,http://www.krc-lang.org,Programming Language
KiXtart,http://www.kixtart.org/,Programming Language
Klerer-May System,https://doi.org/10.1093%2Fcomjnl%2F8.2.103,Programming Language
Kodu,http://kodugamelab.com,Programming Language
Kojo,https://www.kogics.net/kojo,Programming Language
KornShell,http://kornshell.com,Programming Language
Kotlin,https://kotlinlang.org/,Programming Language
KRL,http://purl.umn.edu/107717,Programming Language
Kv (Kivy),https://kivy.org/,Programming Language
LabVIEW,https://www.ni.com/labview,Programming Language
Ladder,http://www.ibiblio.org/kuphaldt/electricCircuits/Digital/DIGI_6.html,Programming Language
LANSA,https://lansa.com/,Programming Language
Lasso,http://www.lassosoft.com,Programming Language
Lean,http://lean-lang.org,Programming Language
Legoscript,https://www.lego.com/themes/mindstorms/about,Programming Language
LIL,http://www.ultimate.com/phil/lil/lil.html,Programming Language
LilyPond,https://lilypond.org,Programming Language
LINC,http://www.ieg-inc.com/,Programming Language
Lingo,https://helpx.adobe.com/director/topics/scripting-dictionary.html,Programming Language
LINQ,https://learn.microsoft.com/en-us/dotnet/standard/linq/,Programming Language
LIS,http://www.feb-patrimoine.com/english/bull_software.htm,Programming Language
LISA,https://www.ice.rwth-aachen.de/cms/ice/Forschung/Abgeschlossene-Projekte/~bjxdmd/LISA/lidx/1/,Programming Language
Lisp,http://paulgraham.com/bel.html,Programming Language
LiveCode,http://livecode.org,Programming Language
LiveScript,https://livescript.net,Programming Language
LLL,http://ethereum.org,Programming Language
Logo,https://dspace.mit.edu/handle/1721.1/6226,Programming Language
Logtalk,https://logtalk.org,Programming Language
LotusScript,http://www.ibm.com/developerworks/lotus/documentation/dominodesigner/,Programming Language
LPC,http://www.faqs.org/faqs/games/mud-faq/lp/,Programming Language
LSE,http://99-bottles-of-beer.net/language-l.s.e.-350.html,Programming Language
LSL,https://secondlife.com/,Programming Language
Lua,https://www.lua.org/,Programming Language
Lua (programming language),https://www.lua.org/,Programming Language
Lucid,https://code.google.com/p/plucid,Programming Language
Lustre,http://www-verimag.imag.fr/Synchrone-main.html?lang=en,Programming Language
LYaPAS,"http://wiki.tsu.ru/wiki/index.php/Закревский,_Аркадий_Дмитриевич",Programming Language
Lynx,https://foldoc.org/LYNX,Programming Language
M Formula language,https://learn.microsoft.com/en-us/power-query/power-query-what-is-power-query,Programming Language
M4,https://www.gnu.org/software/m4/m4.html,Programming Language
Machine code,https://en.wiktionary.org/wiki/machine_code,Programming Language
Magik,http://www.ge-energy.com/products_and_services/products/geospatial_systems_and_mobile_workforce/index.jsp,Programming Language
Magma,http://magma.maths.usyd.edu.au,Programming Language
Maple,https://www.maplesoft.com/products/maple/,Programming Language
MAPPER,http://www.99-bottles-of-beer.net/language-mapper-(now-known-as-bis)-854.html,Programming Language
markup languages,https://www.britannica.com/technology/markup-language,Programming Language
MASM Microsoft Assembly x86,https://docs.microsoft.com/en-us/cpp/assembler/masm/microsoft-macro-assembler-reference,Programming Language
MATLAB,https://www.mathworks.com/products/matlab.html,Programming Language
Maude system,http://maude.cs.uiuc.edu/,Programming Language
Max,https://cycling74.com/products/max,Programming Language
Maxima,https://maxima.sourceforge.io/,Programming Language
MaxScript,https://www.autodesk.com/products/3ds-max/overview,Programming Language
Maya (MEL),https://www.autodesk.com/products/maya/overview,Programming Language
Mercury,http://www.mercurylang.org,Programming Language
MHEG-5 (Interactive TV programming language),http://www.mheg.org,Programming Language
Microcode,http://www.mikrocodesimulator.de/index_eng.php,Programming Language
Microsoft Power Fx,https://docs.microsoft.com/en-us/power-platform/power-fx/overview,Programming Language
MIMIC,http://stinet.dtic.mil/oai/oai?verb=getRecord&metadataPrefix=html&identifier=AD0656301,Programming Language
Mirah,https://mirah.org/,Programming Language
Miranda,http://miranda.org.uk,Programming Language
MIVA Script,http://www.mivascript.com,Programming Language
ML,https://doi.org/10.1007%2F3-540-09724-4,Programming Language
Model 204,http://www.rocketsoftware.com/brand/rocket-m204,Programming Language
Modelica,https://www.modelica.org/,Programming Language
Modula-2,http://www.modula2.org,Programming Language
Modula-3,http://www.modula3.org,Programming Language
Mojo,http://www.modular.com/mojo,Programming Language
MOO,https://www.moo.mud.org/,Programming Language
Mortran,http://www.slac.stanford.edu/exp/e871/documentation/offline/mortran2.html,Programming Language
Mouse,http://users.encs.concordia.ca/~grogono/Mouse/mouse.html,Programming Language
MPD,http://www.cs.arizona.edu/mpd/,Programming Language
MSL,https://www.mirc.com/,Programming Language
MUMPS,https://groups.google.com/g/comp.lang.mumps/c/-SKjCBmiHDg/m/7T1_ePl0rewJ,Programming Language
MuPAD,https://www.mathworks.com/discovery/mupad.html,Programming Language
Mystic Programming Language,http://www.mysticbbs.com,Programming Language
Napier88,http://www-ppg.dcs.st-and.ac.uk/Languages/Napier88/,Programming Language
NASM,https://www.nasm.us/,Programming Language
Neko,http://nekovm.org/doc/vm,Programming Language
Nemerle,http://nemerle.org,Programming Language
NESL,https://www.cs.cmu.edu/~scandal/nesl.html,Programming Language
Net.Data,http://www-306.ibm.com/software/data/net.data/,Programming Language
NetLogo,http://www.netlogo.org,Programming Language
NetRexx,https://www.netrexx.org/,Programming Language
NewLISP,http://www.newlisp.org,Programming Language
Newspeak,http://newspeaklanguage.org,Programming Language
NewtonScript,http://waltersmith.us/wp-content/uploads/2005/12/Self-intro.htm,Programming Language
Nial,https://www.nial-array-language.org/,Programming Language
Nim,http://nim-lang.org,Programming Language
Nix,https://nixos.org,Programming Language
Not Quite C,https://www.lego.com/themes/mindstorms/about,Programming Language
Nu,http://programming-nu.github.io,Programming Language
Nullsoft Scriptable Install System,http://www.winamp.com/,Programming Language
NWScript,https://www.mobygames.com/game-group/neverwinter-nights-series,Programming Language
o:XML,http://www.o-xml.org,Programming Language
Oberon,https://projectoberon.net,Programming Language
Object Lisp,https://groups.google.com/groups?selm=13400015%40ccvaxa,Programming Language
Object Pascal,http://www.mactech.com/articles/mactech/Vol.02/02.12/ObjectPascal/,Programming Language
Object REXX,https://www.rexxla.org/,Programming Language
Objective-C,https://developer.apple.com/library/archive/documentation/Cocoa/Conceptual/ProgrammingWithObjectiveC/Introduction/Introduction.html,Programming Language
Objective-C++,https://developer.apple.com/library/archive/documentation/Cocoa/Conceptual/ProgrammingWithObjectiveC/Introduction/Introduction.html,Programming Language
ObjectLOGO,https://dspace.mit.edu/handle/1721.1/6226,Programming Language
Obliq,http://www.cc.gatech.edu/gvu/people/Phd/Krishna/VO/VOHome.html,Programming Language
OCaml,https://ocaml.org/,Programming Language
occam,http://www.wotug.org/occam/,Programming Language
Odin,https://odin-lang.org/,Programming Language
OmniMark,http://www.stilo.com/products/omnimark/,Programming Language
Opa,http://opalang.org,Programming Language
Open Programming Language,http://opl-dev.sourceforge.net,Programming Language
OpenCL,https://www.khronos.org/opencl/,Programming Language
OpenEdge Advanced Business Language,https://www.progress.com/openedge,Programming Language
OpenGL Shading Language,https://www.opengl.org/,Programming Language
OpenQASM,https://openqasm.com/,Programming Language
OPS5,http://www.pcai.com/web/ai_info/pcai_ops.html,Programming Language
OptimJ,http://www.ateji.com/,Programming Language
Orc,https://orc.csres.utexas.edu/,Programming Language
Oriel,http://www.atarimagazines.com/compute/issue134/143_Windows_3_Power_Tool.php,Programming Language
Oxygene,https://elementscompiler.com/elements/oxygene/,Programming Language
Oz,http://mozart.github.io,Programming Language
P4,https://p4.org,Programming Language
ParaSail,http://parasail-lang.org,Programming Language
PARI/GP,http://pari.math.u-bordeaux.fr/,Programming Language
Pascal Script,http://wiki.freepascal.org/Pascal_Script/License,Programming Language
PCASTL,http://www.pcosmos.ca/pcastl/,Programming Language
PDL,https://pdl.perl.org/,Programming Language
PeopleCode,http://download.oracle.com/docs/cd/E05317_01/psft/html/docset.html,Programming Language
Perl,https://www.perl.org/,Programming Language
Pharo,https://pharo.org/,Programming Language
PHP,https://www.php.net/,Programming Language
Pico,http://pico.vub.ac.be,Programming Language
Picolisp,http://picolisp.com,Programming Language
Pict,https://www.cis.upenn.edu/~bcpierce/papers/pict/Html/Pict.html,Programming Language
Pike,https://pike.lysator.liu.se/,Programming Language
PILOT,https://rpilot.sourceforge.net/pilot.html,Programming Language
Pizza,http://pizzacompiler.sourceforge.net,Programming Language
PL-11,https://foldoc.org/PL-11,Programming Language
PL/0,http://www.standardpascaline.org/plzero.pas,Programming Language
PL/B,http://www.sysmaker.com/infopro/plb.htm,Programming Language
PL/C,https://rmc.library.cornell.edu/EAD/htmldocs/RMA03351.html,Programming Language
PL/M,https://www.drdobbs.com/architecture-and-design/gary-kildall-and-collegial-entrepreneurs/184410428,Programming Language
PL/P,http://bitsavers.informatik.uni-stuttgart.de/bits/Prime/,Programming Language
PL/SQL,http://www.orafaq.com/wiki/PL/SQL_FAQ,Programming Language
PL360,https://doi.org/10.1145%2F321439.321442,Programming Language
PLEX,https://doi.org/10.1145%2F1238844.1238850,Programming Language
PLEXIL,https://github.com/plexil-group/plexil,Programming Language
Plus,http://doi.acm.org/10.1145/800234.807062,Programming Language
Pony,http://www.ponylang.org,Programming Language
POP-11,http://www.cs.bham.ac.uk/research/projects/poplog/poplog.info.html,Programming Language
POP-2,http://www-robotics.cs.umass.edu/Popplestone/pop_development.html,Programming Language
PortablE,https://aminet.net/package/dev/e/amigae33a,Programming Language
POV-Ray SDL,https://www.povray.org/,Programming Language
PowerBuilder,https://www.appeon.com/,Programming Language
Powerhouse,https://teamblue.unicomsi.com/products/powerhouse-4gl/,Programming Language
PowerShell,https://microsoft.com/powershell,Programming Language
Pro*C,http://infolab.stanford.edu/%7Eullman/fcdb/oracle/or-proc.html,Programming Language
Processing,https://processing.org/,Programming Language
Processing.js,https://processing.org/,Programming Language
Prograph,http://www.mactech.com/articles/mactech/Vol.10/10.11/PrographCPXTutorial/,Programming Language
Project Verona,https://www.microsoft.com/en-us/research/project/project-verona,Programming Language
Prolog,https://www.iso.org/standard/21413.html,Programming Language
PROMAL,http://www.lyonlabs.org/commodore/onrequest/PROMAL/,Programming Language
Promela,http://spinroot.com,Programming Language
PROSE modeling language,http://www.rand.org/pubs/reports/R438.html,Programming Language
Pure,http://agraef.github.io/pure-lang,Programming Language
Pure Data,https://puredata.info/,Programming Language
PureScript,https://www.purescript.org/,Programming Language
Python,https://www.python.org/,Programming Language
Qalb,https://nas.sr/%D9%82%D9%84%D8%A8,Programming Language
QPL,https://github.com/qosf/awesome-quantum-software,Programming Language
QtScript,http://doc.qt.io/qt-4.8/scripting.html,Programming Language
QuakeC,https://github.com/id-Software/Quake-Tools/tree/master/qcc,Programming Language
Raku,https://raku.org/,Programming Language
Rapira,https://github.com/freeduke33/rerap2,Programming Language
Ratfiv,http://sepwww.stanford.edu/doku.php?id=sep:software:ratfor,Programming Language
Reason,https://reasonml.github.io/,Programming Language
REBOL,http://www.rebol.com,Programming Language
Red,https://www.red-lang.org/,Programming Language
Redcode,https://corewar.co.uk/,Programming Language
REFAL,http://www.refal.net,Programming Language
ReScript,https://rescript-lang.org/,Programming Language
Rocq,https://rocq-prover.org,Programming Language
RPL,http://www.hpcalc.org/hp49/docs/programming/,Programming Language
RTL/2,https://doi.org/10.1002%2Fspe.4380100904,Programming Language
Ruby,https://www.ruby-lang.org/,Programming Language
Rust,https://www.rust-lang.org/,Programming Language
S-Lang,https://www.jedsoft.org/slang/,Programming Language
S2,https://www.livejournal.com/,Programming Language
S3,http://www.columbia.edu/kermit/archive,Programming Language
SA-C,https://www.cs.colostate.edu/cameron/SACoverview.html,Programming Language
SAS,https://www.sas.com,Programming Language
Sather,https://www.gnu.org/software/sather/,Programming Language
Sawzall,https://code.google.com/archive/p/szl/,Programming Language
SBL,http://www.superbase.com,Programming Language
Scala,https://www.scala-lang.org/,Programming Language
Scheme,https://www.scheme.org/,Programming Language
Scilab,https://www.scilab.org,Programming Language
Scratch,https://scratch.mit.edu/,Programming Language
ScratchJr,http://www.scratchjr.org,Programming Language
Script.NET,http://www.protsyk.com/scriptdotnet,Programming Language
Sed,https://pubs.opengroup.org/onlinepubs/9799919799/utilities/sed.html,Programming Language
Seed7,https://seed7.sourceforge.net/,Programming Language
Self,http://www.selflanguage.org,Programming Language
SenseTalk,https://www.sensetalk.com/,Programming Language
SequenceL,http://texasmulticore.com,Programming Language
SETL,http://setl.org,Programming Language
Shell,http://www.faqs.org/docs/air/tsshell.html,Programming Language
Short Code,http://hopl.info/showlanguage.prx?exp=2707&language=SHORT%20CODE,Programming Language
SIGNAL,https://www.irisa.fr/espresso/,Programming Language
SiMPLE,http://www.simplecodeworks.com/website.html,Programming Language
SIMPOL,http://www.superbase.com,Programming Language
Simula,http://www.simula67.info,Programming Language
Simulink,https://www.mathworks.com/products/simulink.html,Programming Language
SISAL,https://sourceforge.net/projects/sisal,Programming Language
sister projects,https://wikimediafoundation.org/our-work/wikimedia-projects/,Programming Language
SKILL,http://www.cadence.com,Programming Language
SMALL,https://www.caida.org/home/staff/nevil/,Programming Language
SML,https://smlfamily.github.io/,Programming Language
Snap!,http://snap.berkeley.edu,Programming Language
SNOBOL,https://www.regressive.org/snobol4/,Programming Language
Snowball,http://snowballstem.org,Programming Language
Solidity,http://soliditylang.org,Programming Language
Source,http://docs.sourceacademy.org,Programming Language
SP/k,http://doi.acm.org/10.1145/359581.359586,Programming Language
SPARK,http://www.adacore.com/about-spark,Programming Language
Speedcode,https://doi.org/10.1147%2Frd.255.0535,Programming Language
SPITBOL,http://www.snobol4.com/spitbol360/,Programming Language
SPL,https://www.hp.com/hpinfo/abouthp/histnfacts/museum/earlyinstruments/0001/0001history.html,Programming Language
SQL,https://www.iso.org/standard/76583.html,Programming Language
Squeak,http://www.squeak.org,Programming Language
Squirrel,http://squirrel-lang.org/,Programming Language
SR,http://www2.cs.arizona.edu/sr/index.html?TWIKISID=bccd482b43e8a41e744208152eda7bde,Programming Language
Starlogo,http://www.slnova.org,Programming Language
Stata,https://www.stata.com/,Programming Language
Stateflow,http://www.mathworks.com/products/stateflow?s_cid=wiki_stateflow_2,Programming Language
Strongtalk,http://www.strongtalk.org,Programming Language
Structured Text,https://www.controldesign.com/articles/2018/should-i-limit-programming-to-ladder-logic-or-use-all-standards-within-iec-61131/,Programming Language
Subtext,http://subtextual.org/,Programming Language
SuperCollider,http://supercollider.github.io,Programming Language
Swift,https://developer.apple.com/swift/,Programming Language
Swift (Apple programming language),https://www.swift.org/,Programming Language
Swift (parallel scripting language),http://swift-lang.org,Programming Language
SYCL,https://www.khronos.org/sycl/,Programming Language
SYMPL,http://99-bottles-of-beer.net/language-sympl-1167.html,Programming Language
T-SQL (Transact-SQL),https://docs.microsoft.com/en-us/sql/t-sql/language-reference,Programming Language
TADS (Text Adventure Development System),http://www.tads.org,Programming Language
TAL,http://foldoc.org/TAL,Programming Language
tcl (aka tcl/tk ),https://www.tcl-lang.org,Programming Language
Tea,https://github.com/jorgefranconunes/tea,Programming Language
TempleOS,http://templeos.org/,Programming Language
TeX,https://tug.org/,Programming Language
TIE,http://cadence.com,Programming Language
Tom,http://tom.loria.fr,Programming Language
TPU (Text Processing Utility),https://support.hpe.com/hpsc/doc/public/display?docId=emr_na-c04623115,Programming Language
Transcript (LiveCode),http://livecode.org,Programming Language
TTCN (Tree and Tabular Combined Notation),http://itu.int/ITU-T/studygroups/com07/TTCN.html,Programming Language
TTM,https://github.com/DennisHeimbigner/ttm.git,Programming Language
Turing,https://github.com/Open-Turing-Project/OpenTuring,Programming Language
Turing-complete,https://c2.com/cgi/wiki?TuringComplete,Programming Language
TXL,https://www.txl.ca/,Programming Language
Tynker,https://www.tynker.com/,Programming Language
TypeScript,https://www.typescriptlang.org/,Programming Language
Ubercode,http://www.ubercode.com,Programming Language
Umple,https://www.umple.org/,Programming Language
Unicon,https://unicon.sourceforge.net/,Programming Language
Uniface,https://www.rocketsoftware.com/welcome-uniface,Programming Language
UnrealScript,https://www.unrealengine.com/,Programming Language
Vala,https://vala.dev,Programming Language
Vim script,https://www.vim.org/,Programming Language
Viper (Ethereum/Ether (ETH)),http://ethereum.org,Programming Language
Visual DataFlex,http://www.DataAccess.com/DataFlex,Programming Language
Visual DialogScript,http://www.dialogscript.com/,Programming Language
Visual FoxPro,http://msdn.microsoft.com/vfoxpro,Programming Language
Visual Objects,https://groups.google.com/forum/#!forum/comp.lang.clipper.visual-objects,Programming Language
Visual Prolog,https://www.visual-prolog.com/,Programming Language
WATFIV,http://www.openwatcom.org/,Programming Language
WebAssembly,https://webassembly.org/,Programming Language
Whiley,http://whiley.org,Programming Language
Wolfram Language,https://www.wolfram.com/language/,Programming Language
Wyvern,https://wyvernlang.github.io,Programming Language
X++ (X plus plus/Microsoft Dynamics AX),https://www.microsoft.com/en-us/dynamics-365,Programming Language
X10,http://x10-lang.org,Programming Language
XBL,https://arstechnica.com/information-technology/2004/06/collins-interview/2/,Programming Language
XC,http://www.xmos.com/,Programming Language
XML,https://www.w3.org/XML/,Programming Language
XMOS architecture,http://www.xmos.com/,Programming Language
Xod,http://xod.io,Programming Language
Xojo,https://xojo.com/,Programming Language
XOTcl,http://media.wu-wien.ac.at/,Programming Language
XPL,https://www.cs.toronto.edu/XPL/,Programming Language
XPL0,http://www.xpl0.org,Programming Language
XQuery,http://www.w3.org/XML/Query/,Programming Language
XSB,http://xsb.sf.net,Programming Language
XSLT,https://www.w3.org/TR/xslt-30/,Programming Language
Xtend,https://eclipse.dev/Xtext/xtend/,Programming Language
Yorick,https://github.com/LLNL/yorick,Programming Language
YQL,http://developer.yahoo.com/yql/,Programming Language
Z shell,https://www.zsh.org/,Programming Language
Zig,https://ziglang.org/,Programming Language
Zonnon,https://zonnon.org/,Programming Language
ZOPL,http://geac.com,Programming Language
Airbnb,https://www.airbnb.com/,Startup
Canva,https://www.canva.com/,Startup
Coinbase,https://www.coinbase.com/,Startup
Databricks,https://databricks.com/,Startup
DoorDash,https://www.doordash.com/,Startup
Instacart,https://www.instacart.com/,Startup
Notion,https://www.notion.so/,Startup
OpenAI,https://www.openai.com/,Startup
Robinhood,https://robinhood.com/,Startup
Snowflake,https://www.snowflake.com/,Startup
Stripe,https://stripe.com/,Startup
UiPath,https://www.uipath.com/,Startup
"""2.0:admin:install - Dotclear Documentation""",https://dotclear.org/documentation/2.0/admin/install#prerequisites,Tool
"""3D-Calc""",https://www.med-calc.com/legacysoftware/3dcalc,Tool
"""Account for Your Time""",http://www.project.net/project-time-tracking,Tool
"""Alfresco Docs - Configure databases""",https://docs.alfresco.com/content-services/7.0/config/databases/,Tool
"""Analytics & Dashboards - Real Estate & Workplace Solutions""",http://realestate.trimble.com/en-am/product/module/analytics-dashboards,Tool
"""Apps/Gedit - GNOME Wiki!""",http://projects.gnome.org/gedit/,Tool
"""Apps:mousepad:start [Xfce Docs]""",https://docs.xfce.org/apps/mousepad/start,Tool
"""Basecamp 2 Help""",https://basecamp.com/help/faq#tech-requirements,Tool
"""Bloomreach Experience Manager 14 System Requirements - Bloomreach Experience Manager - The Fast and Flexible Headless CMS""",https://documentation.bloomreach.com/14/library/about/system-requirements.html,Tool
"""Collaborative online office solutions""",https://www.admin-magazine.com/Articles/Collaborative-online-office-solutions,Tool
"""Composr Tutorial: Basic Installation""",https://compo.sr/docs/tut-install.htm,Tool
"""Configuration - Adapt your publication to suit your needs""",https://ghost.org/docs/config/,Tool
"""ContentBox Modular CMS""",https://www.ortussolutions.com/products/contentbox,Tool
"""Database configuration | Strapi 5 Documentation""",https://docs.strapi.io/cms/configurations/database,Tool
"""Database Configuration""",https://doc.nuxeo.com/nxdoc/database-configuration/,Tool
"""Database Support Strategy (Community.SupportStrategy.DatabaseSupportStrategy) - XWiki""",https://dev.xwiki.org/xwiki/bin/view/Community/SupportStrategy/DatabaseSupportStrategy,Tool
"""Database""",https://docs.openkm.com/kcenter/view/okm-6.3-com/database.html,Tool
"""Database: Getting Started - Laravel - The PHP Framework For Web Artisans""",https://laravel.com/docs/8.x/database,Tool
"""Databases - Django documentation - Django""",https://docs.djangoproject.com/en/4.0/ref/databases/,Tool
"""DNN Platform Requirements -- DNN Docs""",https://docs.dnncommunity.org/content/getting-started/setup/requirements/index.html,Tool
"""Download TWiki""",https://twiki.org/cgi-bin/view/Codev/DownloadTWiki,Tool
"""Download TYPO3""",https://get.typo3.org/,Tool
"""Download Visual Studio Code - Mac, Linux, Windows""",https://code.visualstudio.com/Download,Tool
"""Easy Projects Rating""",https://archive.today/20130205222605/http://product-management-software.venturebeat.com/l/11/EasyProjects-net,Tool
"""Eclipse CDT webpage""",http://www.eclipse.org/cdt/,Tool
"""Eclipse LinuxTools integration of OProfile""",http://wiki.eclipse.org/Linux_Tools_Project/OProfile/User_Guide,Tool
"""Edit Python code - Visual Studio (Windows)""",https://docs.microsoft.com/en-us/visualstudio/python/editing-python-code-in-visual-studio,Tool
"""Embarcadero Delphi Product Page""",https://www.embarcadero.com/products/Delphi,Tool
"""eric news 2010""",http://eric-ide.python-projects.org/eric-news-2010.html,Tool
"""eric news 2014""",http://eric-ide.python-projects.org/eric-news-2014.html,Tool
"""Exchange project data""",https://www.conceptdraw.com/solution-park/collaboration-project-exchange,Tool
"""Expense Tracking Software""",https://www.projectmanager.com/training/how-to-track-project-expenses,Tool
"""Forest: Structural Code Editing with Multiple Cursors""",https://doi.org/10.1145/3563835.3567663,Tool
"""Geeklog Documentation - Installation Instructions""",https://www.geeklog.net/docs/english/install.html#installation_requirements,Tool
"""Geeklog v2.2.2""",https://www.geeklog.net/article.php/geeklog-v2-2-2,Tool
"""Getting Started - AlchemyCMS Guides""",https://guides.alchemy-cms.com/getting_started.html#prerequisites,Tool
"""Guide for New Developers - Fedora Repository - LYRASIS Wiki""",https://wiki.lyrasis.org/display/FF/Guide+for+New+Developers#GuideforNewDevelopers-RunningintegrationtestsagainstdifferentDBs,Tool
"""Home > Downloads > CMSimple""",https://www.cmsimple.org/?Downloads___ChangeLog,Tool
"""Hosting Requirements - mojoPortal""",https://www.mojoportal.com/hosting-requirements,Tool
"""How to Create a Multi-Project Schedule""",https://www.conceptdraw.com/helpdesk/how-to-create-multi-project-schedule-win,Tool
"""How to install ProcessWire CMS""",https://processwire.com/docs/start/install/new/#requirements,Tool
"""How to Shift Dates in project""",https://www.conceptdraw.com/helpdesk/how-to-easy-shift-dates-in-project,Tool
"""Installation""",http://docs.microweber.com/guides/installation.md,Tool
"""Installing DSpace - DSpace 7.x Documentation - LYRASIS Wiki""",https://wiki.lyrasis.org/display/DSDOC7x/Installing+DSpace#InstallingDSpace-BackendRequirements,Tool
"""Installing Textpattern""",https://docs.textpattern.com/setup/installing-the-software,Tool
"""Java Headless CMS Built on Java Technology""",https://dotcms.com/product/technology/,Tool
"""Juno""",https://github.com/JunoLab,Tool
"""Leafpad""",http://lxde.org/lxde,Tool
"""LTS 2023.19 / LTS 2023-HF19""",https://doc.nuxeo.com/nxdoc/nuxeo-server-release-notes-2023-19/,Tool
"""Mac Basics: TextEdit""",http://support.apple.com/kb/ht2523,Tool
"""Magento 2.4 system requirements - Magento 2 Developer Documentation""",https://devdocs.magento.com/guides/v2.4/install-gde/system-requirements.html,Tool
"""Magnolia CMS Documentation""",https://docs.magnolia-cms.com/product-docs/administration/certified-stack/,Tool
"""Mantis Bug Tracker""",https://www.mantisbt.org/,Tool
"""Manual:Installation requirements""",https://www.mediawiki.org/wiki/Manual:Installation_requirements#Database_server,Tool
"""mojoPortal 2.9""",https://www.mojoportal.com/blog,Tool
"""Nucleus CMS: Pure Publishing""",http://nucleuscms.org/index.php?itemid=3060,Tool
"""omeka/omeka-s""",https://github.com/omeka/omeka-s,Tool
"""OpenKM cloud document management""",https://www.openkm.com/en/cloud-document-management-system.html,Tool
"""OpenKM cloud enterprise edition""",https://docs.openkm.com/kcenter/view/okm-6.4/,Tool
"""OpenKM community edition versions""",https://docs.openkm.com/kcenter/view/okm-6.3-com/changelog.html,Tool
"""OpenProject Reporting Plugin""",https://github.com/finnlabs/openproject-reporting,Tool
"""OpenWGA 7.10 - OpenWGA Concepts and Features - Platforms""",https://doc.openwga.com/doc-wga710/html/default/ff808081376f81540137742e89d114a1.int.html,Tool
"""Pelles C Download""",http://www.smorgasbordet.com/pellesc/download.htm,Tool
"""Perl - IntelliJ IDEs Plugin | Marketplace""",https://plugins.jetbrains.com/plugin/7796-perl,Tool
"""Peygir Project and Team Management System""",https://peygir.com/,Tool
"""phirecms/phirecms: Phire CMS""",https://github.com/phirecms/phirecms,Tool
"""Phprojekt - Project management software""",https://www.123-reg.co.uk/web-hosting/free-123-apps/phprojekt.shtml,Tool
"""PhpWiki""",https://sourceforge.net/projects/phpwiki/,Tool
"""PmWiki - Cookbook / SQLite PageStore class""",http://www.pmwiki.org/wiki/Cookbook/SQLite,Tool
"""PmWiki - PmWiki / FlatFileAdvantages""",http://www.pmwiki.org/wiki/PmWiki/FlatFileAdvantages,Tool
"""Practical cost management with Twproject""",https://archive.today/20130604085514/http://blog.twproject.com/2013/06/03/practical-project-cost-management-with-teamwork/,Tool
"""Prepare the Database (optional)""",https://docs.logicaldoc.com/en/installation/install-on-windows/prepare-the-database-windows,Tool
"""Prerequisite Software""",https://openacs.org/doc/individual-programs,Tool
"""Prerequisites and system requirements""",https://academy.jahia.com/documentation/system-administrator/jahia/8/installing-and-configuring-jahia/installing-configuring-and-troubleshooting-jahia/prerequisites-and-system-requirements,Tool
"""Products""",http://www.projectlibre.org/products#block-projectlibre-enterprise,Tool
"""Project Budget""",http://www.projectlibre.org/comment/1808#comment-1808,Tool
"""Project Management FAQ's""",https://www.projectmanager.com/support/faq,Tool
"""Project Management Software Features""",https://www.projectmanager.com/software,Tool
"""ProjectLibre:open source replacement of MS Project""",http://www.projectsatwork.com/content/tools/275877.cfm,Tool
"""PureBasic 6.10 LTS""",https://www.purebasic.com/news.php,Tool
"""Required configuration""",https://www.spip.net/en_article6659.html,Tool
"""Required software - EPrints Documentation""",http://wiki.eprints.org/w/Required_software,Tool
"""Requirements (Ibexa Documentation)""",https://doc.ibexa.co/en/latest/getting_started/requirements/,Tool
"""Requirements - XOOPS Install and Upgrade Guide""",https://xoops.gitbook.io/xoops-install-upgrade/installation/requirements,Tool
"""Requirements for Running Exponent CMS""",http://docs.exponentcms.org/docs/2.5.1/requirements-running-exponent-cms,Tool
"""Requirements""",https://dotcms.com/docs/latest/requirements,Tool
"""Requirements, Getting Started - Our Umbraco""",https://our.umbraco.com/documentation/Getting-Started/Setup/Requirements/,Tool
"""RubyMine 2018.3.5 is Available!""",https://blog.jetbrains.com/ruby/2019/02/rubymine-2018-3-5-is-available/,Tool
"""s9y/Serendipity""",https://github.com/s9y/Serendipity,Tool
"""Scheme In A Grid""",http://siag.nu/siag/,Tool
"""Sciforma 5.0: Project Management Software and Project Portfolio Management Software-Sciforma-Netherlands""",http://www.sciforma.com/#,Tool
"""Scoro API""",https://api.scoro.ee/api/,Tool
"""se7enxweb/ezpublish""",https://github.com/se7enxweb/ezpublish,Tool
"""Server Requirements - The Jamroom Network""",https://www.jamroom.net/the-jamroom-network/documentation/getting-started/774/server-requirements,Tool
"""Server Requirements""",https://docs.shopware.com/en/migration-en/SystemRequirements,Tool
"""Shopware Community Edition""",https://www.shopware.com/en/community/community-edition/,Tool
"""So Long Textwrangler, Hello BBEdit""",https://www.macprices.net/2017/03/06/so-long-textwrangler-hello-bbedit-the-book-mystique-extra,Tool
"""Softaculous""",https://www.softaculous.com/apps/cms/Jamroom,Tool
"""Stable Download""",https://www.silverstripe.org/download,Tool
"""Sunsetting Atom""",https://github.blog/news-insights/product-news/sunsetting-atom/,Tool
"""System 2.0 (4.1/5.5) 800K Disk Contents (9/93)""",http://support.apple.com/kb/TA30234,Tool
"""System Requirements - Known Documentation""",http://docs.withknown.com/en/latest/install/requirements/,Tool
"""System Requirements - OpenCart Documentation""",https://docs.opencart.com/en-gb/requirements/,Tool
"""System Requirements - Pimcore""",https://pimcore.com/docs/pimcore/current/Development_Documentation/Installation_and_Upgrade/System_Requirements.html,Tool
"""System requirements for PrestaShop 8""",https://devdocs.prestashop-project.org/8/basics/installation/system-requirements/,Tool
"""System requirements""",http://b2evolution.net/man/system-requirements,Tool
"""Take control over your blog!""",https://dotclear.org/,Tool
"""Technical Requirements - Joomla! Programmers Documentation""",https://manual.joomla.org/docs/next/get-started/technical-requirements,Tool
"""Technology & system requirements""",https://docs.nopcommerce.com/en/installation-and-upgrading/technology-and-system-requirements.html,Tool
"""Terms and Conditions""",https://www.spip.net/en_article129.html,Tool
"""Tested software versions""",https://documentation.opencms.org/opencms-documentation/server-installation/tested-software-versions/index.html,Tool
"""Textadept""",https://orbitalquark.github.io/textadept,Tool
"""TextWrangler""",http://www.barebones.com/products/textwrangler,Tool
"""The 7 Most Popular Online Project Management Tools""",https://www.dynamicwp.net/articles-and-tutorials/popular-online-project-management-tools/,Tool
"""The MoinMoin Wiki Engine""",https://moinmo.in,Tool
"""Track Project Plan vs. the Actuals""",https://www.conceptdraw.com/helpdesk/how-to-track-project-plan,Tool
"""Use F# on Windows""",https://fsharp.org/use/windows/,Tool
"""Using Docker - Orchard Core Documentation""",https://docs.orchardcore.net/en/latest/docs/topics/docker/#docker-compose,Tool
"""Version 25.03""",https://www.codeblocks.org/changelogs/25.03/,Tool
"""vi""",https://ex-vi.sourceforge.net/,Tool
"""WebStorm 2019.1: smart intentions for JavaScript, improvements in Angular support, updated CSS and HTML docs, and new debug console""",https://blog.jetbrains.com/webstorm/2019/03/webstorm-2019-1/,Tool
"""Welcome""",https://web2project.net/,Tool
"""Working with project cost""",https://www.conceptdraw.com/How-To-Guide/video-working-with-costs,Tool
"""Xamarin now free in Visual Studio""",https://arstechnica.com/information-technology/2016/03/xamarin-now-free-in-visual-studio/,Tool
.NET,https://docs.microsoft.com/dotnet/visual-basic/,Tool
10.1145/3563835.3567663,https://doi.org/10.1145%2F3563835.3567663,Tool
24SevenOffice,http://24sevenoffice.com,Tool
Ability Office,http://www.ability.com,Tool
ACiDDraw,http://acid.org,Tool
Acme,http://acme.cat-v.org,Tool
ActiveState,http://activestate.com/,Tool
Adobe,https://www.adobe.com/,Tool
Adobe Animate,http://adobe.com/products/animate.html,Tool
Adobe Business Catalyst,http://businesscatalyst.com,Tool
Adobe Dreamweaver,https://www.adobe.com/products/dreamweaver.html,Tool
Adobe Experience Manager,https://www.adobe.com/experience-cloud.html,Tool
Adobe Flash Builder,https://www.adobe.com/products/flash-builder-family.html,Tool
Adobe Systems,https://www.adobe.com/,Tool
AFL Ver. 3,http://rosenlaw.com/OSL3.0-explained.htm,Tool
AFNIC,https://www.afnic.fr/,Tool
AGPL,https://www.gnu.org/licenses/agpl.html,Tool
Airtable,https://airtable.com/,Tool
AIX,http://ibm.com/products/aix,Tool
Alchemy CMS,http://alchemy-cms.com,Tool
Alfresco,http://www.alfresco.com,Tool
Allegro Common Lisp,http://franz.com/products/allegro-common-lisp,Tool
AlternC,http://www.alternc.com,Tool
Altitude3.Net,http://altitude3.net,Tool
Amazon Web Services,https://aws.amazon.com/,Tool
Ametys CMS,http://www.ametys.org,Tool
AmigaOS,https://www.amigaos.net,Tool
Analytics,https://link.springer.com/10.1007/s42803-021-00033-4,Tool
Android,https://www.android.com/,Tool
Android app development,https://en.wikiversity.org/wiki/Android_programming,Tool
Android Studio,https://developer.android.com/studio,Tool
AnyChart,https://www.anychart.com,Tool
AOLserver,http://aolserver.github.io/,Tool
AonixADT,http://atego.com,Tool
Apache 2.0,https://www.apache.org/licenses/,Tool
Apache Allura,https://allura.apache.org,Tool
Apache Bloodhound,http://trac.edgewall.org,Tool
Apache Foundation,https://apache.org,Tool
Apache Jackrabbit,https://jackrabbit.apache.org/,Tool
Apache License,https://www.apache.org/licenses/,Tool
Apache License 2.0,https://www.apache.org/licenses/,Tool
Apache OFBiz,https://ofbiz.apache.org,Tool
Apache OpenOffice Calc,http://openoffice.org,Tool
Apache OpenOffice Writer,http://openoffice.org,Tool
Apache Roller,https://roller.apache.org/,Tool
Apache Sling,https://sling.apache.org,Tool
Apache Subversion,https://subversion.apache.org/,Tool
Appcelerator,https://www.appcelerator.com,Tool
AppCode,https://jetbrains.com/,Tool
Apple II,http://www.epocalc.net/php/liste_models.php?texte=apple+2+clone&look=All+fields,Tool
Apple iWork,http://www.apple.com/iwork/,Tool
Apps Marketplace Profile,https://www.google.com/enterprise/marketplace/viewListing?productListingId=3429+4388443950638085375&pli=1,Tool
Aptana Studio,http://www.aptana.com,Tool
Arachnophilia,http://arachnoid.com/arachnophilia,Tool
Arduino,https://www.arduino.cc/,Tool
arXiv,https://arxiv.org/,Tool
Asana,https://asana.com,Tool
ASCII,https://media4u.ch/ascii_art_film/matrix/,Tool
ASP.NET,https://dotnet.microsoft.com/en-us/apps/aspnet,Tool
Assembla,https://get.assembla.com/,Tool
Atari ST,http://www.atari.st/,Tool
Atom,https://atom.io,Tool
ATutor,https://atutor.github.io,Tool
auDA,http://auda.org.au,Tool
Auto-complete,http://justaddwater.dk/2006/01/26/live-search-explained/,Tool
AWS Aurora,https://aws.amazon.com/rds/aurora/,Tool
Axosoft,http://gitkraken.com,Tool
b2evolution,http://www.b2evolution.net/,Tool
Backbone.js,https://backbonejs.org/,Tool
Backdrop CMS,https://backdropcms.org,Tool
Bare Bones Software,https://www.barebones.com,Tool
Basecamp,https://37signals.com/,Tool
Basic-256,http://basic256.org,Tool
Basic4GL,https://basic4.sourceforge.net/,Tool
Bazaar,https://bazaar.canonical.com/,Tool
Berkeley DB,https://www.oracle.com/database/technologies/related/berkeleydb.html,Tool
BigGantt,https://marketplace.atlassian.com/apps/1213016/biggantt-gantt-chart-for-jira,Tool
BigPicture,https://marketplace.atlassian.com/apps/1212259/bigpicture-project-management-ppm,Tool
Blog software,https://www.eff.org/bloggers/lg/,Tool
Bloomreach Experience Manager,https://www.bloomreach.com/en,Tool
blosxom,http://blosxom.sf.net/,Tool
BLOX CMS,http://www.bloxdigital.com,Tool
Bluefish,https://bluefish.openoffice.nl,Tool
Bluehost,http://bluehost.com,Tool
BlueJ,https://bluej.org/,Tool
Bolt (CMS),https://docs.bolt.cm/4.0/getting-started/requirements,Tool
BON,https://www.bon-method.com,Tool
Borland,http://borland.com,Tool
Borland Kylix,http://www.borland.com/kylix/,Tool
Brackets,http://brackets.io/,Tool
Bricolage,http://www.bricolagecms.org/,Tool
Brief,http://www.texteditors.org/cgi-bin/wiki.pl?BriefFamily,Tool
BS2000,http://www.fujitsu.com/emeia/bs2000,Tool
BSD,https://cgit.freebsd.org/src/plain/share/misc/bsd-family-tree,Tool
BSD 3-clause,https://cgit.freebsd.org/src/plain/share/misc/bsd-family-tree,Tool
BSD license,http://www.oreilly.com/catalog/opensources/book/kirkmck.html,Tool
BSL 1.1,https://mariadb.com/bsl11/,Tool
Budget management,http://www.loscostos.info/financial-accounting/accounting-systems.html,Tool
BusyBox,https://busybox.net/,Tool
C compiler,http://www.stroustrup.com/compilers.html,Tool
C++ compiler,http://www.stroustrup.com/compilers.html,Tool
C++Builder,https://www.embarcadero.com/products/cbuilder,Tool
C1 CMS,https://cms.orckestra.com/,Tool
CA-Realizer,http://www.edm2.com/index.php/CA-Realizer,Tool
Calc,http://libreoffice.org/discover/calc,Tool
Calligra Plan,http://calligra.org/plan/,Tool
Calligra Suite,https://calligra.org,Tool
Canonical,https://www.canonical.com,Tool
CDC 6000 series,http://purl.umn.edu/104327,Tool
CEITON,https://ceiton.com,Tool
censhare,http://www.censhare.com/,Tool
CentralNic,https://teaminternet.com/,Tool
ChromeOS,https://chromeos.google,Tool
Chromium,https://chromium.org/,Tool
Chromium Embedded Framework,https://bitbucket.org/chromiumembedded/cef,Tool
Cincom,https://www.cincom.com,Tool
CIRA,https://cira.ca,Tool
citation needed,https://tools.wmflabs.org/citationhunt/en,Tool
clarification needed,http://mark-twain.classic-literature.co.uk/fenimore-coopers-literary-offences/,Tool
Clarizen,http://clarizen.com,Tool
ClArtistic,https://www.perlfoundation.org/artistic-license-20.html,Tool
Class browser,https://sourcenav.sourceforge.net/,Tool
Classic Mac OS,https://discussions.apple.com/community/mac_os/classic_mac_os,Tool
Click analytics,https://topwebsiteworth.com/,Tool
Click tracking,https://doi.org/10.1145%2F2529995.2529996,Tool
Cloud CMS,https://www.cloudcms.com/,Tool
Cloud IDE,http://eprints.whiterose.ac.uk/113733/,Tool
Cloud9 IDE,http://c9.io/,Tool
CLR,http://www.informit.com/articles/article.aspx?p=30601,Tool
CMS Made Simple,https://cmsmadesimple.org,Tool
CMSimple,https://www.cmsimple.org/en/,Tool
CNNIC,https://cnnic.cn,Tool
Cocoa,http://developer.apple.com/library/archive/documentation/Cocoa/Conceptual/CocoaFundamentals/WhatIsCocoa/WhatIsCocoa.html,Tool
Cocoa text system,https://developer.apple.com/library/mac/documentation/TextFonts/Conceptual/CocoaTextArchitecture/Introduction/Introduction.html,Tool
Cocoa Touch,https://developer.apple.com/documentation/uikit,Tool
Coda,https://coda.io/,Tool
Code completion,https://doi.org/10.1109%2FASE.2008.42,Tool
Code coverage,https://msdn.microsoft.com/en-us/library/jj159344.aspx,Tool
Code refactoring,http://c2.com/cgi/wiki?WhatIsRefactoring,Tool
Code::Blocks,https://www.codeblocks.org/,Tool
Codeanywhere,https://www.codeanywhere.com,Tool
CodeLite,https://codelite.org,Tool
Codelobster,https://codelobster.com,Tool
CodeWarrior,https://www.nxp.com/design/software/development-software/codewarrior-development-tools:CW_HOME,Tool
Collabora Online,http://collaboraonline.com,Tool
Collaborative software,https://doi.org/10.1016%2F0020-7373%2891%2990027-5,Tool
Colossal Typewriter,http://www.computerhistory.org/pdp-1/,Tool
command line interface,http://www.patersontech.com/Dos/Softalk/Softalk.html,Tool
command-line interface,http://www.patersontech.com/Dos/Softalk/Softalk.html,Tool
commercial,https://doi.org/10.1017/9781108381376.005,Tool
comparison,https://github.com/AlternC/AlternC,Tool
Component content management system (CCMS),http://www.ibmpressbooks.com/bookstore/product.asp?isbn=0132480522,Tool
Composr CMS,http://compo.sr,Tool
ConceptDraw Project,https://www.conceptdraw.com/products/project-management-software/,Tool
Concrete CMS,https://www.concretecms.com/,Tool
Concurrent CP/M,http://www.cpm.z80.de/,Tool
Concurrent CP/M-86,http://www.cpm.z80.de/,Tool
content management frameworks,https://www.wikidata.org/wiki/Q856341?uselang=en#P348,Tool
Contentful,http://contentful.com,Tool
Contentverse,http://www.contentverse.com,Tool
Copper Project,http://copperproject.com,Tool
CoreMedia Content Cloud,http://www.coremedia.com,Tool
CP/M-86,http://www.cpm.z80.de/,Tool
CPAL,https://wiki.debian.org/DFSGLicenses#Common_Public_Attribution_License,Tool
cPanel,https://www.cpanel.net,Tool
CSS,https://w3.org/TR/CSS/#css,Tool
CVS,http://cvs.nongnu.org,Tool
CygnusEd,http://www.cygnused.de/index-en.php,Tool
Cygwin,https://cygwin.com/,Tool
CZ.NIC,http://www.nic.cz/en,Tool
DADiSP,https://www.dadisp.com,Tool
Day,https://www.adobe.com/,Tool
de,https://strapi.io/,Tool
dead link,https://addons.mozilla.org/en-US/firefox/addon/wayback-machine_new/,Tool
Debugger,http://www.microsoft.com/whdc/devtools/debugging/,Tool
Decoda,https://unknownworlds.com,Tool
DENIC,https://www.wikidata.org/wiki/Q314624?uselang=en#P749,Tool
Derby,https://db.apache.org/derby/,Tool
Dev-C++,http://www.embarcadero.com/free-tools/dev-cpp,Tool
Dev-Pascal,http://dev-cpp.com/Dev-Pascal/,Tool
DevEco Studio,https://consumer.huawei.com/cn/harmonyos-6/,Tool
Developer,https://doi.org/10.1016%2Fj.infsof.2016.10.001,Tool
DirectAdmin,https://www.directadmin.com/,Tool
django CMS,http://django-cms.org,Tool
DNN,http://dnncommunity.org/,Tool
DNS Belgium,https://www.wikidata.org/wiki/Q2272248?uselang=en#P571,Tool
Document management system,https://d-nb.info/gnd/4303691-0,Tool
doi,https://www.doi.org/the-identifier/what-is-a-doi/,Tool
DokuWiki,https://www.dokuwiki.org,Tool
Dolphin Smalltalk,http://www.object-arts.com,Tool
Domain name,https://www.microsoft.com/en-us/research/publication/domain-bias-in-web-search/,Tool
Domain Technologie Control,http://www.gplhost.com/software-dtc.html,Tool
Domainz,http://www.internetnz.net.nz,Tool
Dotclear,http://dotclear.org,Tool
dotCMS,https://www.dotcms.com,Tool
dotProject,https://dotproject.net/,Tool
DR DOS 3.31,http://drdos.com,Tool
DR DOS 6.0,http://drdos.com,Tool
DR-DOS 7.02,http://drdos.com,Tool
DragonFly BSD,https://www.dragonflybsd.org,Tool
DreamHost,https://dreamhost.com,Tool
DrJava,https://www.cs.rice.edu/~javaplt/drjava/,Tool
Drupal,https://www.drupal.org/,Tool
DSpace,http://www.dspace.org,Tool
Dynadot,http://dynadot.com,Tool
DynaRoad,http://www.dynaroad.com/,Tool
Easy projects,http://www.easyprojects.net,Tool
Easy Redmine,https://www.easyredmine.com/,Tool
EasyOffice,http://desktoppub.about.com/cs/software/gr/easyofficefree.htm,Tool
ECCE,https://sourceforge.net/projects/ecce/,Tool
Eclipse,https://eclipseide.org,Tool
Eclipse Che,https://www.eclipse.org/che,Tool
Eclipse Foundation,https://www.eclipse.org/,Tool
Eclipse PDT,https://eclipse.dev/pdt/,Tool
ed,https://pubs.opengroup.org/onlinepubs/9799919799/utilities/ed.html,Tool
Eddie,http://www.el34.com/,Tool
EDIX,http://www.digitalresearch.biz,Tool
EDLIN,https://www.microsoft.com/resources/documentation/windows/xp/all/proddocs/en-us/edlin_line.mspx?mfr=true,Tool
EDT,http://edt-text-editor.sourceforge.net,Tool
EDT (Univac),http://manuals.ts.fujitsu.com/index.php?id=1-2-3389-15556,Tool
eGroupWare,https://www.egroupware.org/,Tool
EiffelStudio,http://www.eiffel.com/eiffelstudio,Tool
Elvis,http://elvis.the-little-red-haired-girl.org,Tool
Embarcadero Technologies,https://www.embarcadero.com/,Tool
Endeavour Software Project Management,https://endeavour-mgmt.sourceforge.net/,Tool
Enom,https://www.enom.com/,Tool
Enonic XP,https://enonic.com,Tool
enQuire,https://tactiv.net,Tool
Epik,https://www.epik.com,Tool
Episerver CMS,https://www.episerver.com,Tool
EPL,https://eclipse.org/legal/eplfaq.php,Tool
EPrints,http://www.eprints.org/,Tool
Epsilon,http://www.lugaru.com/,Tool
eric,https://eric-ide.python-projects.org,Tool
ESLint,https://eslint.org/,Tool
ESS extension,https://github.com/emacs-ess/ESS/wiki/Julia,Tool
EUPL,https://interoperable-europe.ec.europa.eu/collection/eupl,Tool
EURid,https://eurid.eu,Tool
ex,https://pubs.opengroup.org/onlinepubs/9799919799/utilities/ex.html,Tool
examples provided by the user,http://web.media.mit.edu/~lieber/PBE/,Tool
Excel,http://microsoft.com/en-us/microsoft-365/excel,Tool
Exponent CMS,http://www.exponentcms.org,Tool
FastCGI,https://fastcgi-archives.github.io/,Tool
FastTrack Schedule,http://www.aecsoftware.com,Tool
FeatherPad,https://github.com/tsujan/FeatherPad,Tool
Fedora Commons,https://fedorarepository.org,Tool
FIGlet,http://www.figlet.org,Tool
Figma,https://www.figma.com/,Tool
FinancialForce.com,https://certinia.com,Tool
Firebase Studio,https://studio.firebase.google.com,Tool
flame graph,https://www.brendangregg.com/,Tool
Flash,http://adobe.com/products/flashruntimes.html,Tool
FogBugz,http://www.fogbugz.com,Tool
Fossil-scm,https://www.fossil-scm.org,Tool
Foswiki,https://foswiki.org,Tool
Framework,http://www.framework.com,Tool
free,https://en.wiktionary.org/wiki/libre,Tool
Free and open-source,https://code.gov,Tool
Free Pascal,https://freepascal.org,Tool
FreeBSD,https://www.freebsd.org,Tool
Freedcamp,https://freedcamp.com,Tool
FreeMarker,https://freemarker.apache.org,Tool
Fresh,http://flatassembler.net,Tool
Froxlor,https://www.froxlor.org/,Tool
Fujitsu,https://www.fujitsu.com/,Tool
FusionForge,https://gforge.com,Tool
FutureBASIC,http://www.brilorsoftware.com/fb/,Tool
Gambas,https://gambaswiki.org/website,Tool
Gandi,https://www.gandi.net/,Tool
GAS,https://www.gnu.org/software/binutils/,Tool
GCC,https://gcc.gnu.org,Tool
Geany,https://www.geany.org/,Tool
Geeklog,http://www.geeklog.net,Tool
generic JVM,https://inside.java/2025/01/28/jvm-start-up/,Tool
Genius Project,https://cerri.com/project,Tool
GeoGebra,https://www.geogebra.org/,Tool
GetSimple CMS,https://getsimple-ce.ovh/,Tool
Ghost,https://ghost.org,Tool
Gigaom,http://gigaom.com/,Tool
Git,https://git-scm.com/,Tool
Git (software),https://git-scm.com,Tool
GitHub,https://github.com/,Tool
GitHub - apache/sling-org-apache-sling-app-cms: Apache Sling: CMS Reference App,https://github.com/apache/sling-org-apache-sling-app-cms,Tool
GLBasic,http://www.glbasic.com,Tool
GlowHost,https://glowhost.com/,Tool
GMO Internet,https://www.gmo.jp/en/,Tool
GNOME,https://www.gnome.org/,Tool
GNOME Builder,https://apps.gnome.org/Builder/,Tool
GNU,https://gnu.org,Tool
GNU Affero GPL,https://www.gnu.org/licenses/agpl.html,Tool
GNU Emacs,https://www.gnu.org/software/emacs,Tool
GNU GPL,https://www.gnu.org/licenses/gpl.html,Tool
GNU GPLv2,https://www.gnu.org/licenses/gpl.html,Tool
GNU GPLv3,https://www.gnu.org/licenses/gpl.html,Tool
GNU LGPL,https://www.gnu.org/licenses/lgpl.html,Tool
GNU linking exception,https://www.gnu.org/licenses/gpl-faq.html#LinkingWithGPL,Tool
GNU nano,https://nano-editor.org,Tool
GNU Oleo,https://www.gnu.org/software/oleo/oleo.html,Tool
Gnumeric,http://gnumeric.org,Tool
GNUstep,https://www.gnustep.org/,Tool
Goalscape,https://goalscape.com,Tool
GoDaddy,https://www.nyse.com/quote/XNYS:GDDY,Tool
GoldED,http://www.softwareandcircuits.com/division/amiga/products/cubic/,Tool
Google,https://about.google/,Tool
Google Apps,https://workspace.google.com,Tool
Google Cloud,https://cloud.google.com/,Tool
Google Domains,https://domains.google/,Tool
Google Inc.,https://about.google/,Tool
Google Sheets,https://google.com/sheets,Tool
Google Workspace,https://workspace.google.com,Tool
GPL,https://www.gnu.org/licenses/gpl.html,Tool
Grafana,https://grafana.com/,Tool
graphical user interface,https://www.slideshare.net/rajeshlal/evolution-of-user-interface-26414802,Tool
Grav,https://getgrav.org/,Tool
Greenfoot,http://www.greenfoot.org/,Tool
Group-Office,https://www.group-office.com,Tool
GTK#,https://gtk.org,Tool
GUI-baseddesign,https://en.wikiversity.org/wiki/User_interfaces,Tool
Guido van Rossum,https://gvanrossum.github.io/,Tool
H2,https://h2database.com,Tool
Haiku,https://www.haiku-os.org,Tool
Hall.com,https://atlassian.com/,Tool
Headless content management system (Headless CMS),http://www.cms-connected.com/News-Archive/December-2016/The-Ultimate-Guide-for-Headless-Content-Management,Tool
Helix ALM,https://www.perforce.com/products/helix-alm,Tool
Heroku,https://www.heroku.com/,Tool
Hosted on-premises,https://www.microsoft.com/en-au/microsoft-365/previous-versions/microsoft-sharepoint-2010,Tool
Hostinger,https://hostinger.com,Tool
Hover,https://www.nasdaq.com/market-activity/stocks/tcx,Tool
HP Project & Portfolio Software,http://microfocus.com,Tool
HSQL,https://hsqldb.org/,Tool
HSQLDB,https://hsqldb.org/,Tool
HTML5,https://www.w3.org/standards/history/html52/,Tool
https://blog.spip.net/Mise-a-jour-corrective-sortie-de-SPIP-4-4-11.html,https://blog.spip.net/Mise-a-jour-corrective-sortie-de-SPIP-4-4-11.html,Tool
https://github.com/icsharpcode/SharpDevelop/blob/master/doc/license.txt,https://github.com/icsharpcode/SharpDevelop/blob/master/doc/license.txt,Tool
https://github.com/unknownworlds/decoda/blob/master/COPYING.txt,https://github.com/unknownworlds/decoda/blob/master/COPYING.txt,Tool
https://www.jetbrains.com/resharper-cpp/,https://www.jetbrains.com/resharper-cpp/,Tool
Huddle,http://www.huddle.com,Tool
HxD,http://mh-nexus.de/hxd,Tool
Hypersonic SQL,https://hsqldb.org/,Tool
i-MSCP,http://i-mscp.net,Tool
iA Writer,https://www.ia.net/writer,Tool
Ibexa DXP,https://www.ibexa.co/,Tool
IBM,https://www.ibm.com/,Tool
IBM Db2,https://ibm.com/db2,Tool
IBM Enterprise Content Management,http://www.ibm.com/software/data/,Tool
IBM Lotus Domino,https://www.hcl-software.com/domino,Tool
IBM Lotus Symphony,https://www.wikidata.org/wiki/Q259201?uselang=en#P348,Tool
IBM mainframes,https://www.ibm.com/it-infrastructure/z,Tool
IDE,"https://www.computerwoche.de/a/interaktives-programmieren-als-systems-schlager,1205421",Tool
Identity Digital,https://identity.digital/,Tool
IDLE,https://docs.python.org/library/idle.html,Tool
Ikiwiki,http://ikiwiki.info,Tool
in-Step BLUE,http://www.microtool.de/en/in-step-blue-project-management-software/,Tool
Infomaniak,http://infomaniak.com,Tool
inline citations,https://refill.toolforge.org/ng/,Tool
INRIA,https://www.inria.fr/en,Tool
Intaver Institute,http://www.intaver.com/,Tool
Integrated development environment,"https://www.computerwoche.de/a/interaktives-programmieren-als-systems-schlager,1205421",Tool
IntelliJ IDEA,https://www.jetbrains.com/idea/,Tool
Invoicing,https://en.wiktionary.org/wiki/timesheet,Tool
iOS,https://www.apple.com/ios/,Tool
IPM,http://www.ipm.ac.ir,Tool
IRIX,https://techpubs.jurassic.nl,Tool
IronPython,https://ironpython.net,Tool
ISBN,https://isbn-international.org/,Tool
ISPConfig,http://ispconfig.org,Tool
Jahia,http://jahia.com,Tool
Jamroom,https://www.jamroom.net,Tool
Java Swing,https://docs.oracle.com/javase/8/docs/technotes/guides/swing,Tool
JBuilder,https://www.embarcadero.com/products/jbuilder,Tool
JCR,https://www.jcp.org/en/jsr/detail?id=93,Tool
JDeveloper,https://www.oracle.com/application-development/technologies/jdeveloper.html,Tool
JED,https://www.jedsoft.org/jed/,Tool
Jenkins,https://www.jenkins.io/,Tool
jGRASP,http://www.jgrasp.org/,Tool
Jimdo,https://www.jimdo.com/,Tool
Jira,https://www.atlassian.com/software/jira,Tool
JOE,http://joe-editor.sourceforge.net,Tool
Joomla!,https://www.joomla.org,Tool
JotSpot,https://sites.google.com/,Tool
JPRS,https://jprs.co.jp/en/,Tool
Julia extension,https://marketplace.visualstudio.com/items?itemName=julialang.language-julia,Tool
Kakoune,https://kakoune.org/,Tool
Kanban (development),https://www.wikidata.org/wiki/Q180591,Tool
Kate,https://kate-editor.org/,Tool
KCells,https://www.wikidata.org/wiki/Q270431?uselang=en#P348,Tool
KDE,https://kde.org/,Tool
KDevelop,https://www.kdevelop.org/,Tool
Kibana,https://www.elastic.co/kibana,Tool
Kile,http://kile.sourceforge.io,Tool
killer application,http://www.merriam-webster.com/dictionary/killer%20app,Tool
Kingsoft Office,https://www.wps.com/,Tool
KISA,http://www.kisa.or.kr/eng/main.jsp,Tool
Kloxo,http://www.kloxo.org/,Tool
Known,https://withknown.com/,Tool
KOffice,https://www.wikidata.org/wiki/Q270431?uselang=en#P348,Tool
Komodo IDE,https://www.komodoide.com,Tool
KSpread,http://calligra.org/sheets/,Tool
Kubernetes,https://kubernetes.io/,Tool
KWrite,https://apps.kde.org/kwrite/,Tool
LabWindows/CVI,http://ni.com/cvi,Tool
Lapis,http://groups.csail.mit.edu/graphics/lapis/,Tool
LaTeX,https://www.latex-project.org,Tool
Launchpad,https://launchpad.net,Tool
Lazarus,https://www.lazarus-ide.org,Tool
LE,https://github.com/lavv17/le,Tool
Leo,https://leo-editor.github.io/leo-editor/,Tool
LGPL,https://www.gnu.org/licenses/lgpl.html,Tool
LGPLv3,https://www.gnu.org/licenses/lgpl.html,Tool
Liberty BASIC,http://libertybasic.com,Tool
LibertyEiffel,http://www.liberty-eiffel.org,Tool
LibreOffice,http://www.libreoffice.org/,Tool
LibreOffice Online,https://libreoffice.org,Tool
LibreOffice Writer,http://libreoffice.org/discover/writer,Tool
LibrePlan,https://www.libreplan.dev/,Tool
License,https://license-token.com/,Tool
Light Table,http://lighttable.com/,Tool
LiquidPlanner,http://liquidplanner.com,Tool
LispWorks,http://lispworks.com,Tool
LLVM,https://www.llvm.org,Tool
LogicalDOC,https://www.logicaldoc.com,Tool
Looker,https://cloud.google.com/looker,Tool
Lotus Improv,http://www.zisman.ca/Articles/1993/Improv.html,Tool
Lotus SmartSuite,https://www.ibm.com/software/lotus/products/smartsuite/,Tool
Lotus Symphony,https://www.techrepublic.com/pictures/dinosaur-sightings-lotus-symphony-30/1/,Tool
Lucee,http://lucee.org,Tool
LXDE,https://www.lxde.org/,Tool
Macintosh,https://www.apple.com/os/macos/,Tool
macOS,https://www.apple.com/os/macos/,Tool
Macros,http://www.ibm.com/support/knowledgecenter/SSLTBW_2.1.0/com.ibm.zos.v2r1.asma400/macifmt.htm,Tool
Maemo,https://maemo.org,Tool
Magento,https://magento-opensource.com/,Tool
Magnolia,https://www.magnolia-cms.com,Tool
MantisBT,https://www.mantisbt.org/,Tool
MariaDB,https://mariadb.com/,Tool
Markdown,https://daringfireball.net/projects/markdown/,Tool
MATE,https://mate-desktop.org,Tool
MDN Web Docs,https://developer.mozilla.org/,Tool
MediaWiki,https://www.mediawiki.org,Tool
Mercurial,https://www.mercurial-scm.org,Tool
Meridian Systems,http://www.meridiansystems.com/,Tool
Metabase,https://www.metabase.com/,Tool
Metapad,http://liquidninja.com/metapad,Tool
mg,http://man.openbsd.org/OpenBSD-current/man1/mg.1,Tool
MicroEMACS,http://www.aquest.com/emacs.htm,Tool
Microsoft,https://www.microsoft.com/,Tool
Microsoft 365,https://m365.cloud.microsoft,Tool
Microsoft Azure,https://azure.microsoft.com/,Tool
Microsoft Azure SQL,https://azure.microsoft.com/en-us/products/azure-sql/,Tool
Microsoft Dynamics AX,https://www.microsoft.com/en-us/dynamics-365,Tool
Microsoft Excel,https://www.microsoft.com/en/microsoft-365/excel,Tool
Microsoft Office,https://www.office.com/,Tool
Microsoft Office Project Server,https://blogs.office.com/2016/03/16/project-server-2016-rtm-is-now-available/,Tool
Microsoft Power BI,https://powerbi.microsoft.com/,Tool
Microsoft Project,http://www.microsoft.com/en-us/microsoft-365/project/project-management-software,Tool
Microsoft SharePoint Server,https://www.microsoft.com/microsoft-365/sharepoint/collaboration,Tool
Microsoft Small Basic,https://smallbasic-publicwebsite.azurewebsites.net/,Tool
Microsoft Team Foundation Server,https://azure.microsoft.com/en-us/services/devops/server/,Tool
Microsoft Visual Studio,https://visualstudio.microsoft.com/,Tool
Microsoft Windows,https://windows.com,Tool
MicroStrategy,https://www.microstrategy.com/,Tool
Microweber,https://www.microweber.com/,Tool
Midgard CMS,http://www.midgard-project.org/,Tool
Midnight Commander,https://www.wikidata.org/wiki/Q1340000?uselang=en#P348,Tool
Milestones Professional,http://www.kidasa.com/,Tool
MinEd,http://mined.github.io,Tool
Mingle,http://thoughtworks.com,Tool
MIT,https://fedoraproject.org/wiki/Licensing:MIT?rd=Licensing/MIT,Tool
MIT License,https://fedoraproject.org/wiki/Licensing:MIT?rd=Licensing/MIT,Tool
Mobiles,https://www.ibm.com/topics/mobile-application-development,Tool
mod_perl,https://perl.apache.org/,Tool
MoinMoin,http://moinmo.in,Tool
mojoPortal,http://www.mojoportal.com/,Tool
Monday.com,https://monday.com/,Tool
MongoDB,http://mongodb.com,Tool
Mono,https://www.mono-project.com,Tool
MonoDevelop,http://www.monodevelop.com,Tool
MorphOS,http://www.morphos-team.net,Tool
Mousepad,https://docs.xfce.org/apps/mousepad/,Tool
Movable Type,http://movabletype.org/,Tool
Mozilla,https://www.mozilla.org/,Tool
Mozilla Public License,https://www.mozilla.org/MPL,Tool
MP/M,http://www.cpm.z80.de/,Tool
MP/M-86,http://www.cpm.z80.de/,Tool
MPL,https://www.mozilla.org/MPL,Tool
Mule (software),https://www.mulesoft.com,Tool
Multiplan,http://www.memecentral.com/mylife.htm,Tool
Mustache,http://mustache.github.io,Tool
MyEclipse,http://www.myeclipseide.com,Tool
MySQL,https://www.mysql.com/,Tool
MyWorkPLAN,http://www.workplan.com,Tool
Name.com,https://name.com,Tool
Namecheap,http://www.namecheap.com,Tool
NameSilo,https://www.namesilo.com/,Tool
ne,https://ne.di.unimi.it/,Tool
NearlyFreeSpeech,https://www.nearlyfreespeech.net/,Tool
NeoOffice,https://neooffice.github.io/,Tool
NetBeans C/C++ pack,https://netbeans.apache.org,Tool
NetBSD,https://www.NetBSD.org,Tool
Netlify,https://www.netlify.com/,Tool
NetPoint,https://pmatechnologies.com/,Tool
NetSuite,https://www.netsuite.com,Tool
Network Solutions,http://networksolutions.com,Tool
NeXTSTEP,http://openstep.bfx.re/,Tool
Nintendo DS,http://www.nintendo.com/ds,Tool
Nintendo Wii,http://wii.com/,Tool
Node.js,https://nodejs.org,Tool
Nominet,https://www.nominet.uk,Tool
nopCommerce,https://www.nopcommerce.com/,Tool
Notepad,https://apps.microsoft.com/detail/9msmlrh6lzf3,Tool
Notepad++,https://apps.microsoft.com/detail/9msmlrh6lzf3,Tool
Novell,http://www.novell.com,Tool
Novell DOS 7,http://drdos.com,Tool
Novius OS,http://www.novius-os.org,Tool
NPM,https://www.npmjs.com/,Tool
NS Basic,https://www.appstudio.dev/,Tool
Nucleus CMS,http://nucleuscms.org/,Tool
Numbers,https://apple.com/numbers,Tool
Nuxeo EP,https://www.hyland.com/solutions/products/nuxeo-platform,Tool
nvi,https://sites.google.com/a/bostic.com/keithbostic/the-berkeley-vi-editor-home-page,Tool
O26,http://www.control-data.info/screenshots.html,Tool
O3Spaces,http://www.o3spaces.com,Tool
OctoberCMS,https://octobercms.com/,Tool
Omeka,http://www.omeka.org/,Tool
Omni CMS,https://moderncampus.com/products/web-content-management.html,Tool
OmniPlan,http://www.omnigroup.com/products/omniplan/,Tool
Onepager pro,https://www.onepager.com/products/onepager.php,Tool
Online integrated development environment,http://eprints.whiterose.ac.uk/113733/,Tool
Online spreadsheet,http://www.faqs.org/faqs/spreadsheets/faq/,Tool
ONLYOFFICE,http://www.onlyoffice.com,Tool
Open core,http://dirkriehle.com/publications/2009/the-commercial-open-source-business-model/,Tool
Open Semantic Framework,http://opensemanticframework.org/,Tool
Open Software License 3.0,http://opensource.org/licenses/OSL-3.0,Tool
Open source,https://en.wiktionary.org/wiki/Appendix:Glossary_of_legal_terms_in_technology,Tool
Open Workbench,https://sourceforge.net/projects/openworkbench/,Tool
OpenACS,https://openacs.org,Tool
OpenBSD,https://www.openbsd.org,Tool
OpenCart,http://www.opencart.com/,Tool
OpenCms,https://www.opencms.org/,Tool
OpenDOS 7.01,http://drdos.com,Tool
OpenIndiana,http://www.openindiana.org,Tool
OpenKM,http://www.openkm.com,Tool
OpenOffice.org,https://www.openoffice.org/,Tool
OpenProject,https://openproject.org/,Tool
OpenVMS,https://vmssoftware.com,Tool
OpenWatcom,http://openwatcom.org,Tool
OpenWGA,https://www.openwga.com,Tool
operating systems,http://www.cbi.umn.edu/iterations/haigh.html,Tool
Oracle,https://www.oracle.com/database/,Tool
Oracle Corporation,https://www.oracle.com/,Tool
Oracle Developer Studio,http://www.oracle.com/technetwork/server-storage/developerstudio/overview,Tool
Oracle JDeveloper,https://www.oracle.com/application-development/technologies/jdeveloper.html,Tool
Oracle Primavera EPPM,http://www.oracle.com/primavera/,Tool
Orchard Project,http://orchardproject.net,Tool
OSL Ver. 3,http://opensource.org/licenses/OSL-3.0,Tool
Other platforms,https://www.wikidata.org/wiki/Property_talk:P400,Tool
OVH,https://www.ovhcloud.com,Tool
OWL,https://www.w3.org/TR/owl-ref/,Tool
Padre,http://padre.perlide.org/,Tool
pair programming,https://www.wikihow.com/Pair-Program,Tool
PascalABC.NET,http://pascalabc.net/en,Tool
PC DOS 2000,https://rclassiccomputers.com/dos/,Tool
PC DOS 7,https://rclassiccomputers.com/dos/,Tool
PC World,http://pcworld.com,Tool
PCBoard,http://www.bbsdocumentary.com/software/IBM/DOS/PCBOARD/,Tool
PCWorld,http://pcworld.com,Tool
PDP-1,https://github.com/hrvach/fpg1,Tool
PDP-11s,https://en.wiktionary.org/wiki/bottleneck,Tool
Pe,https://github.com/olta/pe,Tool
Peer-to-peer,http://www.activewebhosting.com/faq/legal-p2p.html,Tool
Pelles C IDE,https://drh.github.io/lcc/,Tool
Percona Server,http://www.percona.com/software/percona-server,Tool
Perforce,http://perforce.com,Tool
Permissive,https://en.wiktionary.org/wiki/pushover,Tool
Personalization management system (PMS),https://doi.ieeecomputersociety.org/10.1109/HICSS.2003.1174584,Tool
Phire CMS,https://www.phirecms.org/,Tool
PHP-Fusion,https://php-fusion.co.uk,Tool
PHP-Nuke,https://github.com/phpnuke/phpnuke,Tool
PHPEclipse,http://www.phpeclipse.com/,Tool
phpGroupWare,https://savannah.gnu.org/projects/phpgroupware,Tool
PHProjekt,http://www.phprojekt.com/,Tool
phpWebLog,https://sourceforge.net/projects/phpweblog/,Tool
Pimcore,https://www.pimcore.com,Tool
PIR,http://pir.org,Tool
Pivotal Tracker,http://pivotal.io/labs,Tool
Pixie (CMS),http://www.getpixie.co.uk/,Tool
Planisware,https://planisware.com/,Tool
PlanMaker,https://www.softmaker.com/en/softmaker-office-planmaker,Tool
PlanPerfect,https://www.wordperfect.com/en/,Tool
PLANTA Project,https://www.planta.de/en,Tool
Plesk,https://plesk.com/,Tool
Plone,https://plone.org/,Tool
pluma,http://www.mate-desktop.org/,Tool
PM World Today,https://www.pmworldtoday.net/featured_papers/2011/jan/Adding-Value-Earned.html,Tool
PmWiki,https://www.pmwiki.org,Tool
Porkbun,http://toplevel.design,Tool
POSIX,https://posix.opengroup.org,Tool
PostgreSQL,https://www.postgresql.org,Tool
Postman,https://www.postman.com/,Tool
Powerflasher FDT,http://fdt.powerflasher.com,Tool
Prestashop,https://www.prestashop-project.org,Tool
Prettier,https://prettier.io/,Tool
Priority Matrix,http://appfluence.com,Tool
ProcessWire,https://processwire.com,Tool
Profiler,http://www.ibm.com/developerworks/rational/library/05/1004_gupta/,Tool
Profiling,http://www.ibm.com/developerworks/rational/library/05/1004_gupta/,Tool
Project KickStart,http://www.projectkickstart.com/,Tool
project management software,http://projectmanagementhistory.com/The_Harmonogram.html,Tool
Project planning,http://www.ipma.world/,Tool
Project Team Builder,http://www.pmi.org/,Tool
Project.net,http://www.project.net,Tool
ProjectLibre,https://www.projectlibre.com/,Tool
ProjectManager.com,https://www.projectmanager.com,Tool
Projector PSA,http://www.bigtime.net/,Tool
Projectplace,https://planview.com,Tool
Projektron BCS,https://www.projektron.de,Tool
ProjeQtOr,https://www.projeqtor.org,Tool
proprietary,https://en.wiktionary.org/wiki/,Tool
PSFL,https://www.python.org/psf/license/,Tool
PSPad,http://www.pspad.com/,Tool
public domain,https://web.law.duke.edu/cspd/,Tool
PureBasic,http://www.purebasic.com,Tool
PyCharm,https://www.jetbrains.com/pycharm/,Tool
PyDev,http://pydev.org,Tool
Pylint,https://pylint.pycqa.org/,Tool
PyQt,http://www.riverbankcomputing.com/software/pyqt/,Tool
Pyrus,https://pyrus.com/,Tool
PySide,https://pyside.org,Tool
Pyspread,https://pyspread.gitlab.io,Tool
PythonAnywhere,http://www.pythonanywhere.com,Tool
QED,http://doc.cat-v.org/unix/unix-before-berkeley/,Tool
Qlik,https://www.qlik.com/,Tool
Qt,https://www.qt.io,Tool
Qt Creator,https://www.qt.io/product/development-tools,Tool
Qt5,https://www.qt.io,Tool
Quantrix Financial Modeler,http://www.zisman.ca/Articles/1993/Improv.html,Tool
Quattro Pro,http://www.wordperfect.com,Tool
QuickBASIC,https://winworldpc.com/product/quickbasic/45,Tool
QuickPascal,https://learn.microsoft.com/en-us/archive/blogs/virtual_pc_guy/the-microsoft-archives,Tool
R Tools for Visual Studio,https://visualstudio.microsoft.com/vs/features/rtvs/,Tool
Railo,https://github.com/getrailo/railo,Tool
RapidQ,http://rapidq.phatcode.net/,Tool
Rational Software Architect (Eclipse IBM),https://www.ibm.com/software/uk/rational/,Tool
RationalPlan,http://www.rationalplan.com,Tool
RDF,http://www.w3.org/TR/turtle/,Tool
ReadWriteWeb,https://readwrite.com/,Tool
Red Hat,https://redhat.com,Tool
Redash,https://redash.io/,Tool
Redmine,https://www.redmine.org,Tool
Register.com,https://www.register.com/,Tool
registrars,https://www.icann.org/registrar-reports/accredited-list.html,Tool
reliable,https://www.bowdoin.edu/writing-guides/primaries.htm,Tool
RemObjects Software,https://www.remobjects.com/,Tool
Resolver One,https://www.wikidata.org/wiki/Q2858086?uselang=en#P348,Tool
Retail,http://appleinsider.com/articles/11/07/20/apple_initiates_mass_discontinuation_of_boxed_retail_software,Tool
Rillsoft Project,http://www.rillsoft.com,Tool
RJ TextEd,http://www.rj-texted.se/,Tool
Rob Pike,http://herpolhode.com/rob/,Tool
RStudio,https://posit.co/products/open-source/rstudio,Tool
RubyMine (IntelliJ IDEA),https://jetbrains.com/,Tool
SaaS,http://searchservervirtualization.techtarget.com/definition/How-do-you-pronounce-IT,Tool
Sam,http://sam.cat-v.org,Tool
SAP Business ByDesign,https://www.sap.com/products/erp/business-bydesign.html,Tool
SAP BusinessObjects,https://www.sap.com/products/businessobjects.html,Tool
SASM,http://dman95.github.io/SASM/english.html,Tool
sc,http://www.ibiblio.org/pub/Linux/apps/financial/spreadsheet/!INDEX.html,Tool
Sciforma,http://www.sciforma.com,Tool
Scintilla,http://scintilla.org,Tool
SciTE,https://www.scintilla.org/SciTE.html,Tool
Scoro,https://www.scoro.com,Tool
SdlBasic,http://www.sdlbasic.altervista.org/main/,Tool
se,http://se-editor.org/,Tool
Seavus Project Viewer (software),http://www.seavusprojectviewer.com,Tool
selection,https://www.popsci.com/diy/how-to-select-all-text/,Tool
Self-hosting,https://www.howtogeek.com/846979/heres-why-self-hosting-a-server-is-worth-the-effort/,Tool
Sellerdeck,https://www.sellerdeck.co.uk/,Tool
Serendipity,https://s9y.org,Tool
Severa,https://severa.com//,Tool
SharePoint,https://www.microsoft.com/microsoft-365/sharepoint/collaboration,Tool
SharpDevelop,https://github.com/icsharpcode/SharpDevelop,Tool
Sheets,http://calligra.org/sheets/,Tool
Sheetster,http://www.sheetster.com/,Tool
Shopware,https://www.shopware.com/,Tool
Shortcut Software,https://shortcut.com,Tool
Siag,http://siag.nu,Tool
Silverstripe CMS,https://silverstripe.org,Tool
SimpleText,https://developer.apple.com/library/archive/navigation/,Tool
Simply Fortran,http://simplyfortran.com/,Tool
Sisense,https://www.sisense.com/,Tool
Sitefinity,https://www.telerik.com,Tool
Sleepycat,http://www.oracle.com/technology/products/berkeley-db/,Tool
SLIME,http://common-lisp.net/project/slime/,Tool
Smartsheet,https://smartsheet.com,Tool
Smarty,http://www.smarty.net,Tool
Smultron,https://www.peterborgapps.com/smultron,Tool
Socket.io,http://socket.io,Tool
SoftMaker Office,https://www.softmaker.com/,Tool
Solaris,https://www.oracle.com/solaris,Tool
source code,https://d-nb.info/gnd/4488209-9,Tool
SourceLair,http://www.sourcelair.com,Tool
spacemacs,https://www.spacemacs.org/,Tool
SPARC,https://www.sparc.org/,Tool
Spider Project,http://www.spiderproject.ru,Tool
SPIP,http://spip.net,Tool
SPMOL-II,https://groups.io/g/H390-DOSVS/topic/dos_vs_program_product_spm/104990358,Tool
Spreadsheet,http://doc.tiki.org/Spreadsheet,Tool
spreadsheets,http://www.kingsoftstore.com/spreadsheets.html,Tool
Spyder,https://www.spyder-ide.org/,Tool
SQL Azure,https://azure.microsoft.com/en-us/products/azure-sql/,Tool
SQL CE,https://learn.microsoft.com/en-us/archive/blogs/sqlservercompact/,Tool
SQL Server,https://www.microsoft.com/sql-server,Tool
SQLite,https://sqlite.org,Tool
Squarespace,https://www.squarespace.com/,Tool
Stack Overflow,https://stackoverflow.com/,Tool
StarOffice,http://www.staroffice.com/,Tool
Stevie,http://nosuch.com/tjt/stevie/,Tool
STOIC,http://maben.homeip.net/static//S100/cromemco/code/disks/174%20CPM%20Users%20vols%2020-24/index.html,Tool
Streamtime Software,https://www.streamtime.net,Tool
Sublime Text,https://www.sublimetext.com/,Tool
SuperCalc,https://museum.syssrc.com/artifact/exhibits/807/,Tool
SVN,https://subversion.apache.org/,Tool
SWT,http://www.eclipse.org/swt,Tool
Sybase Open Watcom Public License,https://www.gnu.org/licenses/license-list.html#Watcom,Tool
Symbian,http://symbian.nokia.com,Tool
syntax highlighting,https://ppig.org/papers/2015-ppig-26th-sarkar1/,Tool
System Software 6,https://support.apple.com/kb/TA31885,Tool
T/Maker,http://www.broderbund.com,Tool
Tableau,https://www.tableau.com/,Tool
Taiga,https://taiga.io/,Tool
talk page,http://www.zeusedit.com/python.html,Tool
TaskJuggler,http://www.taskjuggler.org/,Tool
Tcl,https://www.tcl-lang.org,Tool
TeachText,http://support.apple.com/kb/TA30234?viewlocale=en_US,Tool
Teamcenter,http://www.ugs.com/,Tool
TeamLab,http://www.onlyoffice.com,Tool
Teamsite,https://www.opentext.com/products/content-management-system,Tool
TED Notepad,http://jsimlo.sk/notepad,Tool
Telligent Community,http://telligent.com,Tool
Terraform,https://www.terraform.io/,Tool
TeXnicCenter,http://texniccenter.org,Tool
TeXShop,http://pages.uoregon.edu/koch/texshop,Tool
TextMate,https://macromates.com/,Tool
TextPad,https://www.textpad.com/,Tool
Textpattern,https://textpattern.com/,Tool
The Calligra Suite,http://www.calligra-suite.org/,Tool
The Document Foundation,http://documentfoundation.org,Tool
the documentation,https://www.mediawiki.org/wiki/Help:Extension:ParserFunctions#.23titleparts,Tool
the original,http://marketplace.eclipse.org/content/aonixadt-ada-development-toolkit-gnat-and-objectada,Tool
TheDraw,http://www.syaross.org/thedraw/,Tool
ThinkFree Online,https://thinkfree.com,Tool
Thonny,https://thonny.org/,Tool
TiddlyWiki,https://tiddlywiki.com/,Tool
Tiki Wiki CMS Groupware,https://tiki.org,Tool
Tkinter,https://wiki.python.org/moin/TkInter,Tool
Tom's Planner,http://tomsplanner.com,Tool
Toolchain,http://www.nongnu.org/avr-libc/user-manual/overview.html,Tool
Top-level domain,https://www.wikidata.org/wiki/Property_talk:P78,Tool
TOPS-10,http://www.ultimate.com/phil/pdp10/tops-10,Tool
TOPS-20,http://tenex.opost.com/hbook.html,Tool
TPU,https://support.hpe.com/hpsc/doc/public/display?docId=emr_na-c04623115,Tool
TrackerSuite.Net,http://Acentre.com,Tool
Traction TeamPage,https://tractionsoftware.com,Tool
Trello,http://trello.com,Tool
Tru64 UNIX,http://h30097.www3.hp.com/,Tool
Tucows,https://www.nasdaq.com/market-activity/stocks/tcx,Tool
Tuleap,https://www.tuleap.org,Tool
Turbo Delphi,http://www.turboexplorer.com,Tool
TWiki,https://twiki.org,Tool
Twproject,https://twproject.com,Tool
TYPO3,http://typo3.org,Tool
U++ TheIDE,http://www.ultimatepp.org,Tool
Ubuntu,https://ubuntu.com/,Tool
uCoz,http://www.ucoz.com/,Tool
UK2,https://ingenuitycloudservices.com,Tool
Ulysses,https://www.ulysses.app,Tool
Umbraco,https://umbraco.com/,Tool
UML class diagramming,https://www.uml.org/,Tool
Understand,http://scitools.com,Tool
Unicode,https://home.unicode.org/,Tool
Unisys,https://www.unisys.com/,Tool
Unix,https://www.opengroup.org/unix-systems,Tool
Unix-like,http://www.linfo.org/unix-like.html,Tool
Unknown Worlds Entertainment,https://unknownworlds.com,Tool
Usermin,http://www.webmin.com/usermin.html,Tool
Valgrind,https://www.valgrind.org/,Tool
VCS Support,http://betterexplained.com/articles/a-visual-guide-to-version-control/,Tool
Vercel,https://vercel.com/,Tool
Verisign,https://verisign.com/,Tool
Version control system,http://betterexplained.com/articles/a-visual-guide-to-version-control/,Tool
vile (vi like Emacs),https://invisible-island.net/vile/,Tool
vim,https://www.vim.org/,Tool
Virtual,https://httpd.apache.org/docs/current/vhosts/,Tool
VisiCalc,http://danbricklin.com/visicalc.htm,Tool
Visual Basic .NET,https://docs.microsoft.com/dotnet/visual-basic/,Tool
Visual Studio Code,https://code.visualstudio.com/,Tool
"Visual Studio Code - Open Source (""Code - OSS"")",https://github.com/microsoft/vscode,Tool
VisualWorks,http://www.cincomsmalltalk.com,Tool
VM/CMS,http://www.vm.ibm.com,Tool
Vpmi,http://www.vcsonline.com,Tool
VxWorks,https://www.windriver.com/products/vxworks,Tool
Wagtail,https://wagtail.org/,Tool
web,https://info.cern.ch/hypertext/WWW/TheProject.html,Tool
Web application,https://www.whatwg.org/specs/web-apps/current-work/multipage/,Tool
Web content lifecycle,http://cmprofessionals.org/index.cfm?fuseaction=Page.viewPage&pageId=484&parentID=473,Tool
Web document,https://en.wiktionary.org/wiki/on_the_fly,Tool
Web server,https://developer.mozilla.org/en-US/docs/Learn/Common_questions/What_is_a_web_server,Tool
Web-based,https://www.whatwg.org/specs/web-apps/current-work/multipage/,Tool
Web.com,http://web.com,Tool
web2project,https://web2project.net/,Tool
Webcentral,http://www.webcentral.au/corporate/,Tool
Webflow,https://webflow.com,Tool
Webmaster,http://www.iwanet.org/,Tool
Webmin,http://www.webmin.com/,Tool
Website governance,http://www.linkedin.com/groups?home=&gid=1812891,Tool
Widget toolkit,http://citeseerx.ist.psu.edu/viewdoc/summary?doi=10.1.1.45.9491,Tool
Wiki.js,https://js.wiki,Tool
Windchill (software),http://www.ptc.com/product/windchill/,Tool
Windows,https://windows.com,Tool
Windows CE,https://msdn.microsoft.com/embedded,Tool
Windows Forms,https://learn.microsoft.com/en-us/dotnet/desktop/winforms/,Tool
Wine,https://www.winehq.org/,Tool
WinEdt,http://www.winedt.com,Tool
Wing,https://wingware.com,Tool
Wingz,https://archiv.linuxsoft.cz/sw_detail.php?id_item=1323,Tool
WordPerfect Office,https://www.wordperfect.com/en/,Tool
WordStar,http://www.wordstar.org/,Tool
Workamajig,https://www.workamajig.com,Tool
Workflow system,https://wfmc.org/,Tool
Workfront,http://workfront.com,Tool
Workspace.com,http://www.workspace.com/index-home.html,Tool
WPF,https://learn.microsoft.com/en-us/dotnet/desktop/wpf/,Tool
WPS Office,https://www.wps.com/,Tool
Wrike,https://www.wrike.com/,Tool
www.xemacs.org/Documentation/index.%20html,http://www.xemacs.org/Documentation/index.%20html,Tool
wxWidget,https://wxwidgets.org,Tool
wxWidgets,https://wxwidgets.org,Tool
Xamarin,http://xamarin.com,Tool
Xamarin Studio,http://xamarin.com,Tool
Xcode (Apple),https://developer.apple.com/xcode/,Tool
Xed,https://github.com/linuxmint/xed,Tool
XEmacs,http://www.xemacs.org,Tool
Xfce,https://xfce.org,Tool
XOOPS,https://xoops.org,Tool
XUL,https://wiki.mozilla.org/XUL:Home_Page,Tool
XWiki,http://www.xwiki.org/,Tool
Yudit,https://yudit.org/,Tool
Zed,https://zed.dev/,Tool
Zend,http://www.zend.com,Tool
Zend Studio,http://www.zend.com/products/zend-studio,Tool
ZeroBrane Studio,http://studio.zerobrane.com/,Tool
Zesty.io,http://www.cmswire.com/d/zestyio-o001524,Tool
Zoho Projects,https://www.zoho.com/officesuite,Tool
Zoho Sheet,https://www.zoho.com/,Tool
Zope,https://zope.readthedocs.io,Tool
ZX81,https://www.zx81.nl/,Tool
